-- Legacy seasons 1-3 import (Google Sheets -> bot DB). Generated 2026-07-05.
-- Run AFTER a WAL-safe backup. Single transaction: any error rolls everything back.
BEGIN;
UPDATE seasons SET number=4 WHERE status='active' AND chat_id=(SELECT chat_id FROM chats LIMIT 1);
INSERT INTO seasons(id, chat_id, number, target, points_table, status, winner_id, started_at, ended_at)
VALUES(-1, (SELECT chat_id FROM chats LIMIT 1), 1, 100, '[3,1,0]', 'archived', (SELECT id FROM players WHERE chat_id=(SELECT chat_id FROM chats LIMIT 1) AND name='Nur'), '2025-10-25 07:00:00', '2025-11-12 20:00:00');
INSERT INTO seasons(id, chat_id, number, target, points_table, status, winner_id, started_at, ended_at)
VALUES(-2, (SELECT chat_id FROM chats LIMIT 1), 2, 100, '[3,1,0]', 'archived', (SELECT id FROM players WHERE chat_id=(SELECT chat_id FROM chats LIMIT 1) AND name='Nur'), '2025-11-17 07:00:00', '2025-12-02 20:00:00');
INSERT INTO seasons(id, chat_id, number, target, points_table, status, winner_id, started_at, ended_at)
VALUES(-3, (SELECT chat_id FROM chats LIMIT 1), 3, 100, '[3,1,0]', 'archived', (SELECT id FROM players WHERE chat_id=(SELECT chat_id FROM chats LIMIT 1) AND name='mister'), '2025-12-06 07:00:00', '2026-01-05 20:00:00');
INSERT INTO games(id, chat_id, season_id, status, difficulty, mode, usdoku_code, reminded, deleted, created_by, created_at, completed_at) VALUES(-222, (SELECT chat_id FROM chats LIMIT 1), -1, 'completed', 'medium', NULL, 'GKRM', 1, 0, NULL, '2025-10-25 07:00:00', '2025-10-25 07:00:00');
INSERT INTO game_results(game_id, player_id, rank, points, duration_secs) VALUES(-222, (SELECT id FROM players WHERE chat_id=(SELECT chat_id FROM chats LIMIT 1) AND name='Joe Rude'), 1, 3, 789);
INSERT INTO game_results(game_id, player_id, rank, points, duration_secs) VALUES(-222, (SELECT id FROM players WHERE chat_id=(SELECT chat_id FROM chats LIMIT 1) AND name='Nur'), 2, 1, NULL);
INSERT INTO game_results(game_id, player_id, rank, points, duration_secs) VALUES(-222, (SELECT id FROM players WHERE chat_id=(SELECT chat_id FROM chats LIMIT 1) AND name='mister'), 3, 0, NULL);
INSERT INTO games(id, chat_id, season_id, status, difficulty, mode, usdoku_code, reminded, deleted, created_by, created_at, completed_at) VALUES(-221, (SELECT chat_id FROM chats LIMIT 1), -1, 'completed', 'medium', NULL, 'MLQW', 1, 0, NULL, '2025-10-25 07:03:00', '2025-10-25 07:03:00');
INSERT INTO game_results(game_id, player_id, rank, points, duration_secs) VALUES(-221, (SELECT id FROM players WHERE chat_id=(SELECT chat_id FROM chats LIMIT 1) AND name='Nur'), 1, 3, 361);
INSERT INTO game_results(game_id, player_id, rank, points, duration_secs) VALUES(-221, (SELECT id FROM players WHERE chat_id=(SELECT chat_id FROM chats LIMIT 1) AND name='Joe Rude'), 2, 1, 430);
INSERT INTO game_results(game_id, player_id, rank, points, duration_secs) VALUES(-221, (SELECT id FROM players WHERE chat_id=(SELECT chat_id FROM chats LIMIT 1) AND name='mister'), 3, 0, NULL);
INSERT INTO games(id, chat_id, season_id, status, difficulty, mode, usdoku_code, reminded, deleted, created_by, created_at, completed_at) VALUES(-220, (SELECT chat_id FROM chats LIMIT 1), -1, 'completed', 'medium', NULL, 'IDMI', 1, 0, NULL, '2025-10-25 07:06:00', '2025-10-25 07:06:00');
INSERT INTO game_results(game_id, player_id, rank, points, duration_secs) VALUES(-220, (SELECT id FROM players WHERE chat_id=(SELECT chat_id FROM chats LIMIT 1) AND name='mister'), 1, 3, 312);
INSERT INTO game_results(game_id, player_id, rank, points, duration_secs) VALUES(-220, (SELECT id FROM players WHERE chat_id=(SELECT chat_id FROM chats LIMIT 1) AND name='Nur'), 2, 1, 664);
INSERT INTO game_results(game_id, player_id, rank, points, duration_secs) VALUES(-220, (SELECT id FROM players WHERE chat_id=(SELECT chat_id FROM chats LIMIT 1) AND name='Joe Rude'), 3, 0, NULL);
INSERT INTO games(id, chat_id, season_id, status, difficulty, mode, usdoku_code, reminded, deleted, created_by, created_at, completed_at) VALUES(-219, (SELECT chat_id FROM chats LIMIT 1), -1, 'completed', 'medium', NULL, 'IPJP', 1, 0, NULL, '2025-10-25 07:09:00', '2025-10-25 07:09:00');
INSERT INTO game_results(game_id, player_id, rank, points, duration_secs) VALUES(-219, (SELECT id FROM players WHERE chat_id=(SELECT chat_id FROM chats LIMIT 1) AND name='Nur'), 1, 3, 310);
INSERT INTO game_results(game_id, player_id, rank, points, duration_secs) VALUES(-219, (SELECT id FROM players WHERE chat_id=(SELECT chat_id FROM chats LIMIT 1) AND name='Joe Rude'), 2, 1, 438);
INSERT INTO game_results(game_id, player_id, rank, points, duration_secs) VALUES(-219, (SELECT id FROM players WHERE chat_id=(SELECT chat_id FROM chats LIMIT 1) AND name='mister'), 3, 0, NULL);
INSERT INTO games(id, chat_id, season_id, status, difficulty, mode, usdoku_code, reminded, deleted, created_by, created_at, completed_at) VALUES(-218, (SELECT chat_id FROM chats LIMIT 1), -1, 'completed', 'medium', NULL, 'MJOP', 1, 0, NULL, '2025-10-25 07:12:00', '2025-10-25 07:12:00');
INSERT INTO game_results(game_id, player_id, rank, points, duration_secs) VALUES(-218, (SELECT id FROM players WHERE chat_id=(SELECT chat_id FROM chats LIMIT 1) AND name='mister'), 1, 3, 328);
INSERT INTO game_results(game_id, player_id, rank, points, duration_secs) VALUES(-218, (SELECT id FROM players WHERE chat_id=(SELECT chat_id FROM chats LIMIT 1) AND name='Joe Rude'), 2, 1, 953);
INSERT INTO game_results(game_id, player_id, rank, points, duration_secs) VALUES(-218, (SELECT id FROM players WHERE chat_id=(SELECT chat_id FROM chats LIMIT 1) AND name='Nur'), 3, 0, 955);
INSERT INTO games(id, chat_id, season_id, status, difficulty, mode, usdoku_code, reminded, deleted, created_by, created_at, completed_at) VALUES(-217, (SELECT chat_id FROM chats LIMIT 1), -1, 'completed', 'medium', NULL, 'FJSR', 1, 0, NULL, '2025-10-25 07:15:00', '2025-10-25 07:15:00');
INSERT INTO game_results(game_id, player_id, rank, points, duration_secs) VALUES(-217, (SELECT id FROM players WHERE chat_id=(SELECT chat_id FROM chats LIMIT 1) AND name='Nur'), 1, 3, 425);
INSERT INTO game_results(game_id, player_id, rank, points, duration_secs) VALUES(-217, (SELECT id FROM players WHERE chat_id=(SELECT chat_id FROM chats LIMIT 1) AND name='mister'), 2, 1, 444);
INSERT INTO game_results(game_id, player_id, rank, points, duration_secs) VALUES(-217, (SELECT id FROM players WHERE chat_id=(SELECT chat_id FROM chats LIMIT 1) AND name='Joe Rude'), 3, 0, NULL);
INSERT INTO games(id, chat_id, season_id, status, difficulty, mode, usdoku_code, reminded, deleted, created_by, created_at, completed_at) VALUES(-216, (SELECT chat_id FROM chats LIMIT 1), -1, 'completed', 'medium', NULL, 'CLDW', 1, 0, NULL, '2025-10-25 07:18:00', '2025-10-25 07:18:00');
INSERT INTO game_results(game_id, player_id, rank, points, duration_secs) VALUES(-216, (SELECT id FROM players WHERE chat_id=(SELECT chat_id FROM chats LIMIT 1) AND name='mister'), 1, 3, 453);
INSERT INTO game_results(game_id, player_id, rank, points, duration_secs) VALUES(-216, (SELECT id FROM players WHERE chat_id=(SELECT chat_id FROM chats LIMIT 1) AND name='Joe Rude'), 2, 1, 489);
INSERT INTO game_results(game_id, player_id, rank, points, duration_secs) VALUES(-216, (SELECT id FROM players WHERE chat_id=(SELECT chat_id FROM chats LIMIT 1) AND name='Nur'), 3, 0, NULL);
INSERT INTO games(id, chat_id, season_id, status, difficulty, mode, usdoku_code, reminded, deleted, created_by, created_at, completed_at) VALUES(-215, (SELECT chat_id FROM chats LIMIT 1), -1, 'completed', 'medium', NULL, 'CTPM', 1, 0, NULL, '2025-10-25 07:21:00', '2025-10-25 07:21:00');
INSERT INTO game_results(game_id, player_id, rank, points, duration_secs) VALUES(-215, (SELECT id FROM players WHERE chat_id=(SELECT chat_id FROM chats LIMIT 1) AND name='Nur'), 1, 3, 477);
INSERT INTO game_results(game_id, player_id, rank, points, duration_secs) VALUES(-215, (SELECT id FROM players WHERE chat_id=(SELECT chat_id FROM chats LIMIT 1) AND name='Joe Rude'), 2, 1, 560);
INSERT INTO game_results(game_id, player_id, rank, points, duration_secs) VALUES(-215, (SELECT id FROM players WHERE chat_id=(SELECT chat_id FROM chats LIMIT 1) AND name='mister'), 3, 0, NULL);
INSERT INTO games(id, chat_id, season_id, status, difficulty, mode, usdoku_code, reminded, deleted, created_by, created_at, completed_at) VALUES(-214, (SELECT chat_id FROM chats LIMIT 1), -1, 'completed', 'medium', NULL, 'YIGR', 1, 0, NULL, '2025-10-25 07:24:00', '2025-10-25 07:24:00');
INSERT INTO game_results(game_id, player_id, rank, points, duration_secs) VALUES(-214, (SELECT id FROM players WHERE chat_id=(SELECT chat_id FROM chats LIMIT 1) AND name='mister'), 1, 3, 530);
INSERT INTO game_results(game_id, player_id, rank, points, duration_secs) VALUES(-214, (SELECT id FROM players WHERE chat_id=(SELECT chat_id FROM chats LIMIT 1) AND name='Nur'), 2, 1, 776);
INSERT INTO game_results(game_id, player_id, rank, points, duration_secs) VALUES(-214, (SELECT id FROM players WHERE chat_id=(SELECT chat_id FROM chats LIMIT 1) AND name='Joe Rude'), 3, 0, NULL);
INSERT INTO games(id, chat_id, season_id, status, difficulty, mode, usdoku_code, reminded, deleted, created_by, created_at, completed_at) VALUES(-213, (SELECT chat_id FROM chats LIMIT 1), -1, 'completed', 'medium', NULL, 'BZTE', 1, 0, NULL, '2025-10-25 07:27:00', '2025-10-25 07:27:00');
INSERT INTO game_results(game_id, player_id, rank, points, duration_secs) VALUES(-213, (SELECT id FROM players WHERE chat_id=(SELECT chat_id FROM chats LIMIT 1) AND name='mister'), 1, 3, 524);
INSERT INTO game_results(game_id, player_id, rank, points, duration_secs) VALUES(-213, (SELECT id FROM players WHERE chat_id=(SELECT chat_id FROM chats LIMIT 1) AND name='Joe Rude'), 2, 1, 890);
INSERT INTO game_results(game_id, player_id, rank, points, duration_secs) VALUES(-213, (SELECT id FROM players WHERE chat_id=(SELECT chat_id FROM chats LIMIT 1) AND name='Nur'), 3, 0, NULL);
INSERT INTO games(id, chat_id, season_id, status, difficulty, mode, usdoku_code, reminded, deleted, created_by, created_at, completed_at) VALUES(-212, (SELECT chat_id FROM chats LIMIT 1), -1, 'completed', 'medium', NULL, 'YHAK', 1, 0, NULL, '2025-10-25 07:30:00', '2025-10-25 07:30:00');
INSERT INTO game_results(game_id, player_id, rank, points, duration_secs) VALUES(-212, (SELECT id FROM players WHERE chat_id=(SELECT chat_id FROM chats LIMIT 1) AND name='Joe Rude'), 1, 3, 719);
INSERT INTO game_results(game_id, player_id, rank, points, duration_secs) VALUES(-212, (SELECT id FROM players WHERE chat_id=(SELECT chat_id FROM chats LIMIT 1) AND name='mister'), 2, 0, NULL);
INSERT INTO game_results(game_id, player_id, rank, points, duration_secs) VALUES(-212, (SELECT id FROM players WHERE chat_id=(SELECT chat_id FROM chats LIMIT 1) AND name='Nur'), 3, 0, NULL);
INSERT INTO games(id, chat_id, season_id, status, difficulty, mode, usdoku_code, reminded, deleted, created_by, created_at, completed_at) VALUES(-211, (SELECT chat_id FROM chats LIMIT 1), -1, 'completed', 'medium', NULL, 'IEQO', 1, 0, NULL, '2025-10-25 07:33:00', '2025-10-25 07:33:00');
INSERT INTO game_results(game_id, player_id, rank, points, duration_secs) VALUES(-211, (SELECT id FROM players WHERE chat_id=(SELECT chat_id FROM chats LIMIT 1) AND name='mister'), 1, 3, 638);
INSERT INTO game_results(game_id, player_id, rank, points, duration_secs) VALUES(-211, (SELECT id FROM players WHERE chat_id=(SELECT chat_id FROM chats LIMIT 1) AND name='Joe Rude'), 2, 1, 749);
INSERT INTO game_results(game_id, player_id, rank, points, duration_secs) VALUES(-211, (SELECT id FROM players WHERE chat_id=(SELECT chat_id FROM chats LIMIT 1) AND name='Nur'), 3, 0, NULL);
INSERT INTO games(id, chat_id, season_id, status, difficulty, mode, usdoku_code, reminded, deleted, created_by, created_at, completed_at) VALUES(-210, (SELECT chat_id FROM chats LIMIT 1), -1, 'completed', 'medium', NULL, 'AXLI', 1, 0, NULL, '2025-10-25 07:36:00', '2025-10-25 07:36:00');
INSERT INTO game_results(game_id, player_id, rank, points, duration_secs) VALUES(-210, (SELECT id FROM players WHERE chat_id=(SELECT chat_id FROM chats LIMIT 1) AND name='Joe Rude'), 1, 3, 695);
INSERT INTO game_results(game_id, player_id, rank, points, duration_secs) VALUES(-210, (SELECT id FROM players WHERE chat_id=(SELECT chat_id FROM chats LIMIT 1) AND name='mister'), 2, 0, NULL);
INSERT INTO game_results(game_id, player_id, rank, points, duration_secs) VALUES(-210, (SELECT id FROM players WHERE chat_id=(SELECT chat_id FROM chats LIMIT 1) AND name='Nur'), 3, 0, NULL);
INSERT INTO games(id, chat_id, season_id, status, difficulty, mode, usdoku_code, reminded, deleted, created_by, created_at, completed_at) VALUES(-209, (SELECT chat_id FROM chats LIMIT 1), -1, 'completed', 'medium', NULL, 'XRVS', 1, 0, NULL, '2025-10-25 07:39:00', '2025-10-25 07:39:00');
INSERT INTO game_results(game_id, player_id, rank, points, duration_secs) VALUES(-209, (SELECT id FROM players WHERE chat_id=(SELECT chat_id FROM chats LIMIT 1) AND name='Joe Rude'), 1, 3, 407);
INSERT INTO game_results(game_id, player_id, rank, points, duration_secs) VALUES(-209, (SELECT id FROM players WHERE chat_id=(SELECT chat_id FROM chats LIMIT 1) AND name='Nur'), 2, 1, NULL);
INSERT INTO game_results(game_id, player_id, rank, points, duration_secs) VALUES(-209, (SELECT id FROM players WHERE chat_id=(SELECT chat_id FROM chats LIMIT 1) AND name='mister'), 3, 0, NULL);
INSERT INTO games(id, chat_id, season_id, status, difficulty, mode, usdoku_code, reminded, deleted, created_by, created_at, completed_at) VALUES(-208, (SELECT chat_id FROM chats LIMIT 1), -1, 'completed', 'medium', NULL, 'YKGQ', 1, 0, NULL, '2025-10-26 07:00:00', '2025-10-26 07:00:00');
INSERT INTO game_results(game_id, player_id, rank, points, duration_secs) VALUES(-208, (SELECT id FROM players WHERE chat_id=(SELECT chat_id FROM chats LIMIT 1) AND name='Nur'), 1, 3, 558);
INSERT INTO game_results(game_id, player_id, rank, points, duration_secs) VALUES(-208, (SELECT id FROM players WHERE chat_id=(SELECT chat_id FROM chats LIMIT 1) AND name='Joe Rude'), 2, 1, 722);
INSERT INTO game_results(game_id, player_id, rank, points, duration_secs) VALUES(-208, (SELECT id FROM players WHERE chat_id=(SELECT chat_id FROM chats LIMIT 1) AND name='mister'), 3, 0, NULL);
INSERT INTO games(id, chat_id, season_id, status, difficulty, mode, usdoku_code, reminded, deleted, created_by, created_at, completed_at) VALUES(-207, (SELECT chat_id FROM chats LIMIT 1), -1, 'completed', 'medium', NULL, NULL, 1, 0, NULL, '2025-10-26 07:03:00', '2025-10-26 07:03:00');
INSERT INTO game_results(game_id, player_id, rank, points, duration_secs) VALUES(-207, (SELECT id FROM players WHERE chat_id=(SELECT chat_id FROM chats LIMIT 1) AND name='Nur'), 1, 3, NULL);
INSERT INTO game_results(game_id, player_id, rank, points, duration_secs) VALUES(-207, (SELECT id FROM players WHERE chat_id=(SELECT chat_id FROM chats LIMIT 1) AND name='mister'), 2, 0, NULL);
INSERT INTO game_results(game_id, player_id, rank, points, duration_secs) VALUES(-207, (SELECT id FROM players WHERE chat_id=(SELECT chat_id FROM chats LIMIT 1) AND name='Joe Rude'), 3, 0, NULL);
INSERT INTO games(id, chat_id, season_id, status, difficulty, mode, usdoku_code, reminded, deleted, created_by, created_at, completed_at) VALUES(-206, (SELECT chat_id FROM chats LIMIT 1), -1, 'completed', 'medium', NULL, 'EWOZ', 1, 0, NULL, '2025-10-26 07:06:00', '2025-10-26 07:06:00');
INSERT INTO game_results(game_id, player_id, rank, points, duration_secs) VALUES(-206, (SELECT id FROM players WHERE chat_id=(SELECT chat_id FROM chats LIMIT 1) AND name='Joe Rude'), 1, 3, 371);
INSERT INTO game_results(game_id, player_id, rank, points, duration_secs) VALUES(-206, (SELECT id FROM players WHERE chat_id=(SELECT chat_id FROM chats LIMIT 1) AND name='mister'), 2, 0, NULL);
INSERT INTO game_results(game_id, player_id, rank, points, duration_secs) VALUES(-206, (SELECT id FROM players WHERE chat_id=(SELECT chat_id FROM chats LIMIT 1) AND name='Nur'), 3, 0, NULL);
INSERT INTO games(id, chat_id, season_id, status, difficulty, mode, usdoku_code, reminded, deleted, created_by, created_at, completed_at) VALUES(-205, (SELECT chat_id FROM chats LIMIT 1), -1, 'completed', 'medium', NULL, 'SDKH', 1, 0, NULL, '2025-10-27 07:00:00', '2025-10-27 07:00:00');
INSERT INTO game_results(game_id, player_id, rank, points, duration_secs) VALUES(-205, (SELECT id FROM players WHERE chat_id=(SELECT chat_id FROM chats LIMIT 1) AND name='mister'), 1, 3, 325);
INSERT INTO game_results(game_id, player_id, rank, points, duration_secs) VALUES(-205, (SELECT id FROM players WHERE chat_id=(SELECT chat_id FROM chats LIMIT 1) AND name='Joe Rude'), 2, 1, 392);
INSERT INTO game_results(game_id, player_id, rank, points, duration_secs) VALUES(-205, (SELECT id FROM players WHERE chat_id=(SELECT chat_id FROM chats LIMIT 1) AND name='Nur'), 3, 0, NULL);
INSERT INTO games(id, chat_id, season_id, status, difficulty, mode, usdoku_code, reminded, deleted, created_by, created_at, completed_at) VALUES(-204, (SELECT chat_id FROM chats LIMIT 1), -1, 'completed', 'medium', NULL, 'OOYZ', 1, 0, NULL, '2025-10-27 07:03:00', '2025-10-27 07:03:00');
INSERT INTO game_results(game_id, player_id, rank, points, duration_secs) VALUES(-204, (SELECT id FROM players WHERE chat_id=(SELECT chat_id FROM chats LIMIT 1) AND name='Nur'), 1, 3, 302);
INSERT INTO game_results(game_id, player_id, rank, points, duration_secs) VALUES(-204, (SELECT id FROM players WHERE chat_id=(SELECT chat_id FROM chats LIMIT 1) AND name='mister'), 2, 1, 330);
INSERT INTO game_results(game_id, player_id, rank, points, duration_secs) VALUES(-204, (SELECT id FROM players WHERE chat_id=(SELECT chat_id FROM chats LIMIT 1) AND name='Joe Rude'), 3, 0, 351);
INSERT INTO games(id, chat_id, season_id, status, difficulty, mode, usdoku_code, reminded, deleted, created_by, created_at, completed_at) VALUES(-203, (SELECT chat_id FROM chats LIMIT 1), -1, 'completed', 'medium', NULL, 'HKKA', 1, 0, NULL, '2025-10-27 07:06:00', '2025-10-27 07:06:00');
INSERT INTO game_results(game_id, player_id, rank, points, duration_secs) VALUES(-203, (SELECT id FROM players WHERE chat_id=(SELECT chat_id FROM chats LIMIT 1) AND name='Joe Rude'), 1, 3, 239);
INSERT INTO game_results(game_id, player_id, rank, points, duration_secs) VALUES(-203, (SELECT id FROM players WHERE chat_id=(SELECT chat_id FROM chats LIMIT 1) AND name='mister'), 2, 1, 553);
INSERT INTO game_results(game_id, player_id, rank, points, duration_secs) VALUES(-203, (SELECT id FROM players WHERE chat_id=(SELECT chat_id FROM chats LIMIT 1) AND name='Nur'), 3, 0, NULL);
INSERT INTO games(id, chat_id, season_id, status, difficulty, mode, usdoku_code, reminded, deleted, created_by, created_at, completed_at) VALUES(-202, (SELECT chat_id FROM chats LIMIT 1), -1, 'completed', 'medium', NULL, 'RJFB', 1, 0, NULL, '2025-10-27 07:09:00', '2025-10-27 07:09:00');
INSERT INTO game_results(game_id, player_id, rank, points, duration_secs) VALUES(-202, (SELECT id FROM players WHERE chat_id=(SELECT chat_id FROM chats LIMIT 1) AND name='mister'), 1, 3, 988);
INSERT INTO game_results(game_id, player_id, rank, points, duration_secs) VALUES(-202, (SELECT id FROM players WHERE chat_id=(SELECT chat_id FROM chats LIMIT 1) AND name='Nur'), 2, 0, NULL);
INSERT INTO game_results(game_id, player_id, rank, points, duration_secs) VALUES(-202, (SELECT id FROM players WHERE chat_id=(SELECT chat_id FROM chats LIMIT 1) AND name='Joe Rude'), 3, 0, NULL);
INSERT INTO games(id, chat_id, season_id, status, difficulty, mode, usdoku_code, reminded, deleted, created_by, created_at, completed_at) VALUES(-201, (SELECT chat_id FROM chats LIMIT 1), -1, 'completed', 'medium', NULL, 'FZKA', 1, 0, NULL, '2025-10-29 07:00:00', '2025-10-29 07:00:00');
INSERT INTO game_results(game_id, player_id, rank, points, duration_secs) VALUES(-201, (SELECT id FROM players WHERE chat_id=(SELECT chat_id FROM chats LIMIT 1) AND name='Nur'), 1, 3, 309);
INSERT INTO game_results(game_id, player_id, rank, points, duration_secs) VALUES(-201, (SELECT id FROM players WHERE chat_id=(SELECT chat_id FROM chats LIMIT 1) AND name='Joe Rude'), 2, 1, 413);
INSERT INTO game_results(game_id, player_id, rank, points, duration_secs) VALUES(-201, (SELECT id FROM players WHERE chat_id=(SELECT chat_id FROM chats LIMIT 1) AND name='mister'), 3, 0, NULL);
INSERT INTO games(id, chat_id, season_id, status, difficulty, mode, usdoku_code, reminded, deleted, created_by, created_at, completed_at) VALUES(-200, (SELECT chat_id FROM chats LIMIT 1), -1, 'completed', 'medium', NULL, 'ZOLY', 1, 0, NULL, '2025-10-29 07:03:00', '2025-10-29 07:03:00');
INSERT INTO game_results(game_id, player_id, rank, points, duration_secs) VALUES(-200, (SELECT id FROM players WHERE chat_id=(SELECT chat_id FROM chats LIMIT 1) AND name='mister'), 1, 3, 401);
INSERT INTO game_results(game_id, player_id, rank, points, duration_secs) VALUES(-200, (SELECT id FROM players WHERE chat_id=(SELECT chat_id FROM chats LIMIT 1) AND name='Joe Rude'), 2, 1, 488);
INSERT INTO game_results(game_id, player_id, rank, points, duration_secs) VALUES(-200, (SELECT id FROM players WHERE chat_id=(SELECT chat_id FROM chats LIMIT 1) AND name='Nur'), 3, 0, NULL);
INSERT INTO games(id, chat_id, season_id, status, difficulty, mode, usdoku_code, reminded, deleted, created_by, created_at, completed_at) VALUES(-199, (SELECT chat_id FROM chats LIMIT 1), -1, 'completed', 'medium', NULL, 'DCTR', 1, 0, NULL, '2025-10-29 07:06:00', '2025-10-29 07:06:00');
INSERT INTO game_results(game_id, player_id, rank, points, duration_secs) VALUES(-199, (SELECT id FROM players WHERE chat_id=(SELECT chat_id FROM chats LIMIT 1) AND name='mister'), 1, 3, 764);
INSERT INTO game_results(game_id, player_id, rank, points, duration_secs) VALUES(-199, (SELECT id FROM players WHERE chat_id=(SELECT chat_id FROM chats LIMIT 1) AND name='Joe Rude'), 2, 0, NULL);
INSERT INTO game_results(game_id, player_id, rank, points, duration_secs) VALUES(-199, (SELECT id FROM players WHERE chat_id=(SELECT chat_id FROM chats LIMIT 1) AND name='Nur'), 3, 0, NULL);
INSERT INTO games(id, chat_id, season_id, status, difficulty, mode, usdoku_code, reminded, deleted, created_by, created_at, completed_at) VALUES(-198, (SELECT chat_id FROM chats LIMIT 1), -1, 'completed', 'medium', NULL, 'WRNU', 1, 0, NULL, '2025-10-30 07:00:00', '2025-10-30 07:00:00');
INSERT INTO game_results(game_id, player_id, rank, points, duration_secs) VALUES(-198, (SELECT id FROM players WHERE chat_id=(SELECT chat_id FROM chats LIMIT 1) AND name='Nur'), 1, 3, 865);
INSERT INTO game_results(game_id, player_id, rank, points, duration_secs) VALUES(-198, (SELECT id FROM players WHERE chat_id=(SELECT chat_id FROM chats LIMIT 1) AND name='mister'), 2, 1, NULL);
INSERT INTO game_results(game_id, player_id, rank, points, duration_secs) VALUES(-198, (SELECT id FROM players WHERE chat_id=(SELECT chat_id FROM chats LIMIT 1) AND name='Joe Rude'), 3, 0, NULL);
INSERT INTO games(id, chat_id, season_id, status, difficulty, mode, usdoku_code, reminded, deleted, created_by, created_at, completed_at) VALUES(-197, (SELECT chat_id FROM chats LIMIT 1), -1, 'completed', 'medium', NULL, 'XKOA', 1, 0, NULL, '2025-10-30 07:03:00', '2025-10-30 07:03:00');
INSERT INTO game_results(game_id, player_id, rank, points, duration_secs) VALUES(-197, (SELECT id FROM players WHERE chat_id=(SELECT chat_id FROM chats LIMIT 1) AND name='Joe Rude'), 1, 3, 363);
INSERT INTO game_results(game_id, player_id, rank, points, duration_secs) VALUES(-197, (SELECT id FROM players WHERE chat_id=(SELECT chat_id FROM chats LIMIT 1) AND name='mister'), 2, 1, 424);
INSERT INTO game_results(game_id, player_id, rank, points, duration_secs) VALUES(-197, (SELECT id FROM players WHERE chat_id=(SELECT chat_id FROM chats LIMIT 1) AND name='Nur'), 3, 0, NULL);
INSERT INTO games(id, chat_id, season_id, status, difficulty, mode, usdoku_code, reminded, deleted, created_by, created_at, completed_at) VALUES(-196, (SELECT chat_id FROM chats LIMIT 1), -1, 'completed', 'medium', NULL, 'WCFV', 1, 0, NULL, '2025-10-30 07:06:00', '2025-10-30 07:06:00');
INSERT INTO game_results(game_id, player_id, rank, points, duration_secs) VALUES(-196, (SELECT id FROM players WHERE chat_id=(SELECT chat_id FROM chats LIMIT 1) AND name='Joe Rude'), 1, 3, 261);
INSERT INTO game_results(game_id, player_id, rank, points, duration_secs) VALUES(-196, (SELECT id FROM players WHERE chat_id=(SELECT chat_id FROM chats LIMIT 1) AND name='Nur'), 2, 0, NULL);
INSERT INTO game_results(game_id, player_id, rank, points, duration_secs) VALUES(-196, (SELECT id FROM players WHERE chat_id=(SELECT chat_id FROM chats LIMIT 1) AND name='mister'), 3, 0, NULL);
INSERT INTO games(id, chat_id, season_id, status, difficulty, mode, usdoku_code, reminded, deleted, created_by, created_at, completed_at) VALUES(-195, (SELECT chat_id FROM chats LIMIT 1), -1, 'completed', 'medium', NULL, 'FDVF', 1, 0, NULL, '2025-10-30 07:09:00', '2025-10-30 07:09:00');
INSERT INTO game_results(game_id, player_id, rank, points, duration_secs) VALUES(-195, (SELECT id FROM players WHERE chat_id=(SELECT chat_id FROM chats LIMIT 1) AND name='Joe Rude'), 1, 3, 352);
INSERT INTO game_results(game_id, player_id, rank, points, duration_secs) VALUES(-195, (SELECT id FROM players WHERE chat_id=(SELECT chat_id FROM chats LIMIT 1) AND name='Nur'), 2, 0, 369);
INSERT INTO game_results(game_id, player_id, rank, points, duration_secs) VALUES(-195, (SELECT id FROM players WHERE chat_id=(SELECT chat_id FROM chats LIMIT 1) AND name='mister'), 3, 0, 373);
INSERT INTO games(id, chat_id, season_id, status, difficulty, mode, usdoku_code, reminded, deleted, created_by, created_at, completed_at) VALUES(-194, (SELECT chat_id FROM chats LIMIT 1), -1, 'completed', 'medium', NULL, 'YRPD', 1, 0, NULL, '2025-10-30 07:12:00', '2025-10-30 07:12:00');
INSERT INTO game_results(game_id, player_id, rank, points, duration_secs) VALUES(-194, (SELECT id FROM players WHERE chat_id=(SELECT chat_id FROM chats LIMIT 1) AND name='Joe Rude'), 1, 3, 805);
INSERT INTO game_results(game_id, player_id, rank, points, duration_secs) VALUES(-194, (SELECT id FROM players WHERE chat_id=(SELECT chat_id FROM chats LIMIT 1) AND name='Nur'), 2, 0, NULL);
INSERT INTO game_results(game_id, player_id, rank, points, duration_secs) VALUES(-194, (SELECT id FROM players WHERE chat_id=(SELECT chat_id FROM chats LIMIT 1) AND name='mister'), 3, 0, NULL);
INSERT INTO games(id, chat_id, season_id, status, difficulty, mode, usdoku_code, reminded, deleted, created_by, created_at, completed_at) VALUES(-193, (SELECT chat_id FROM chats LIMIT 1), -1, 'completed', 'medium', NULL, 'AWKA', 1, 0, NULL, '2025-11-01 07:00:00', '2025-11-01 07:00:00');
INSERT INTO game_results(game_id, player_id, rank, points, duration_secs) VALUES(-193, (SELECT id FROM players WHERE chat_id=(SELECT chat_id FROM chats LIMIT 1) AND name='mister'), 1, 3, 460);
INSERT INTO game_results(game_id, player_id, rank, points, duration_secs) VALUES(-193, (SELECT id FROM players WHERE chat_id=(SELECT chat_id FROM chats LIMIT 1) AND name='Nur'), 2, 1, 747);
INSERT INTO game_results(game_id, player_id, rank, points, duration_secs) VALUES(-193, (SELECT id FROM players WHERE chat_id=(SELECT chat_id FROM chats LIMIT 1) AND name='Joe Rude'), 3, 0, NULL);
INSERT INTO games(id, chat_id, season_id, status, difficulty, mode, usdoku_code, reminded, deleted, created_by, created_at, completed_at) VALUES(-192, (SELECT chat_id FROM chats LIMIT 1), -1, 'completed', 'medium', NULL, 'OBDE', 1, 0, NULL, '2025-11-01 07:03:00', '2025-11-01 07:03:00');
INSERT INTO game_results(game_id, player_id, rank, points, duration_secs) VALUES(-192, (SELECT id FROM players WHERE chat_id=(SELECT chat_id FROM chats LIMIT 1) AND name='Nur'), 1, 3, 228);
INSERT INTO game_results(game_id, player_id, rank, points, duration_secs) VALUES(-192, (SELECT id FROM players WHERE chat_id=(SELECT chat_id FROM chats LIMIT 1) AND name='Joe Rude'), 2, 1, 279);
INSERT INTO game_results(game_id, player_id, rank, points, duration_secs) VALUES(-192, (SELECT id FROM players WHERE chat_id=(SELECT chat_id FROM chats LIMIT 1) AND name='mister'), 3, 0, NULL);
INSERT INTO games(id, chat_id, season_id, status, difficulty, mode, usdoku_code, reminded, deleted, created_by, created_at, completed_at) VALUES(-191, (SELECT chat_id FROM chats LIMIT 1), -1, 'completed', 'medium', NULL, 'MJGN', 1, 0, NULL, '2025-11-01 07:06:00', '2025-11-01 07:06:00');
INSERT INTO game_results(game_id, player_id, rank, points, duration_secs) VALUES(-191, (SELECT id FROM players WHERE chat_id=(SELECT chat_id FROM chats LIMIT 1) AND name='Nur'), 1, 3, 295);
INSERT INTO game_results(game_id, player_id, rank, points, duration_secs) VALUES(-191, (SELECT id FROM players WHERE chat_id=(SELECT chat_id FROM chats LIMIT 1) AND name='Joe Rude'), 2, 1, 352);
INSERT INTO game_results(game_id, player_id, rank, points, duration_secs) VALUES(-191, (SELECT id FROM players WHERE chat_id=(SELECT chat_id FROM chats LIMIT 1) AND name='mister'), 3, 0, NULL);
INSERT INTO games(id, chat_id, season_id, status, difficulty, mode, usdoku_code, reminded, deleted, created_by, created_at, completed_at) VALUES(-190, (SELECT chat_id FROM chats LIMIT 1), -1, 'completed', 'medium', NULL, 'VVOV', 1, 0, NULL, '2025-11-01 07:09:00', '2025-11-01 07:09:00');
INSERT INTO game_results(game_id, player_id, rank, points, duration_secs) VALUES(-190, (SELECT id FROM players WHERE chat_id=(SELECT chat_id FROM chats LIMIT 1) AND name='Nur'), 1, 3, 753);
INSERT INTO game_results(game_id, player_id, rank, points, duration_secs) VALUES(-190, (SELECT id FROM players WHERE chat_id=(SELECT chat_id FROM chats LIMIT 1) AND name='Joe Rude'), 2, 1, 850);
INSERT INTO game_results(game_id, player_id, rank, points, duration_secs) VALUES(-190, (SELECT id FROM players WHERE chat_id=(SELECT chat_id FROM chats LIMIT 1) AND name='mister'), 3, 0, NULL);
INSERT INTO games(id, chat_id, season_id, status, difficulty, mode, usdoku_code, reminded, deleted, created_by, created_at, completed_at) VALUES(-189, (SELECT chat_id FROM chats LIMIT 1), -1, 'completed', 'medium', NULL, 'XHVE', 1, 0, NULL, '2025-11-01 07:12:00', '2025-11-01 07:12:00');
INSERT INTO game_results(game_id, player_id, rank, points, duration_secs) VALUES(-189, (SELECT id FROM players WHERE chat_id=(SELECT chat_id FROM chats LIMIT 1) AND name='mister'), 1, 3, 434);
INSERT INTO game_results(game_id, player_id, rank, points, duration_secs) VALUES(-189, (SELECT id FROM players WHERE chat_id=(SELECT chat_id FROM chats LIMIT 1) AND name='Nur'), 2, 1, 477);
INSERT INTO game_results(game_id, player_id, rank, points, duration_secs) VALUES(-189, (SELECT id FROM players WHERE chat_id=(SELECT chat_id FROM chats LIMIT 1) AND name='Joe Rude'), 3, 0, NULL);
INSERT INTO games(id, chat_id, season_id, status, difficulty, mode, usdoku_code, reminded, deleted, created_by, created_at, completed_at) VALUES(-188, (SELECT chat_id FROM chats LIMIT 1), -1, 'completed', 'medium', NULL, 'YIKV', 1, 0, NULL, '2025-11-01 07:15:00', '2025-11-01 07:15:00');
INSERT INTO game_results(game_id, player_id, rank, points, duration_secs) VALUES(-188, (SELECT id FROM players WHERE chat_id=(SELECT chat_id FROM chats LIMIT 1) AND name='mister'), 1, 3, 320);
INSERT INTO game_results(game_id, player_id, rank, points, duration_secs) VALUES(-188, (SELECT id FROM players WHERE chat_id=(SELECT chat_id FROM chats LIMIT 1) AND name='Joe Rude'), 2, 1, 410);
INSERT INTO game_results(game_id, player_id, rank, points, duration_secs) VALUES(-188, (SELECT id FROM players WHERE chat_id=(SELECT chat_id FROM chats LIMIT 1) AND name='Nur'), 3, 0, 415);
INSERT INTO games(id, chat_id, season_id, status, difficulty, mode, usdoku_code, reminded, deleted, created_by, created_at, completed_at) VALUES(-187, (SELECT chat_id FROM chats LIMIT 1), -1, 'completed', 'medium', NULL, NULL, 1, 0, NULL, '2025-11-01 07:18:00', '2025-11-01 07:18:00');
INSERT INTO game_results(game_id, player_id, rank, points, duration_secs) VALUES(-187, (SELECT id FROM players WHERE chat_id=(SELECT chat_id FROM chats LIMIT 1) AND name='Nur'), 1, 3, 584);
INSERT INTO game_results(game_id, player_id, rank, points, duration_secs) VALUES(-187, (SELECT id FROM players WHERE chat_id=(SELECT chat_id FROM chats LIMIT 1) AND name='Joe Rude'), 2, 0, NULL);
INSERT INTO game_results(game_id, player_id, rank, points, duration_secs) VALUES(-187, (SELECT id FROM players WHERE chat_id=(SELECT chat_id FROM chats LIMIT 1) AND name='mister'), 3, 0, NULL);
INSERT INTO games(id, chat_id, season_id, status, difficulty, mode, usdoku_code, reminded, deleted, created_by, created_at, completed_at) VALUES(-186, (SELECT chat_id FROM chats LIMIT 1), -1, 'completed', 'medium', NULL, 'VGIR', 1, 0, NULL, '2025-11-01 07:21:00', '2025-11-01 07:21:00');
INSERT INTO game_results(game_id, player_id, rank, points, duration_secs) VALUES(-186, (SELECT id FROM players WHERE chat_id=(SELECT chat_id FROM chats LIMIT 1) AND name='mister'), 1, 3, 364);
INSERT INTO game_results(game_id, player_id, rank, points, duration_secs) VALUES(-186, (SELECT id FROM players WHERE chat_id=(SELECT chat_id FROM chats LIMIT 1) AND name='Nur'), 2, 1, 409);
INSERT INTO game_results(game_id, player_id, rank, points, duration_secs) VALUES(-186, (SELECT id FROM players WHERE chat_id=(SELECT chat_id FROM chats LIMIT 1) AND name='Joe Rude'), 3, 0, NULL);
INSERT INTO games(id, chat_id, season_id, status, difficulty, mode, usdoku_code, reminded, deleted, created_by, created_at, completed_at) VALUES(-185, (SELECT chat_id FROM chats LIMIT 1), -1, 'completed', 'medium', NULL, 'GONX', 1, 0, NULL, '2025-11-03 07:00:00', '2025-11-03 07:00:00');
INSERT INTO game_results(game_id, player_id, rank, points, duration_secs) VALUES(-185, (SELECT id FROM players WHERE chat_id=(SELECT chat_id FROM chats LIMIT 1) AND name='Nur'), 1, 3, 874);
INSERT INTO game_results(game_id, player_id, rank, points, duration_secs) VALUES(-185, (SELECT id FROM players WHERE chat_id=(SELECT chat_id FROM chats LIMIT 1) AND name='Joe Rude'), 2, 1, 1061);
INSERT INTO game_results(game_id, player_id, rank, points, duration_secs) VALUES(-185, (SELECT id FROM players WHERE chat_id=(SELECT chat_id FROM chats LIMIT 1) AND name='mister'), 3, 0, NULL);
INSERT INTO games(id, chat_id, season_id, status, difficulty, mode, usdoku_code, reminded, deleted, created_by, created_at, completed_at) VALUES(-184, (SELECT chat_id FROM chats LIMIT 1), -1, 'completed', 'medium', NULL, 'LHRC', 1, 0, NULL, '2025-11-03 07:03:00', '2025-11-03 07:03:00');
INSERT INTO game_results(game_id, player_id, rank, points, duration_secs) VALUES(-184, (SELECT id FROM players WHERE chat_id=(SELECT chat_id FROM chats LIMIT 1) AND name='Nur'), 1, 3, 611);
INSERT INTO game_results(game_id, player_id, rank, points, duration_secs) VALUES(-184, (SELECT id FROM players WHERE chat_id=(SELECT chat_id FROM chats LIMIT 1) AND name='Joe Rude'), 2, 1, 781);
INSERT INTO game_results(game_id, player_id, rank, points, duration_secs) VALUES(-184, (SELECT id FROM players WHERE chat_id=(SELECT chat_id FROM chats LIMIT 1) AND name='mister'), 3, 0, NULL);
INSERT INTO games(id, chat_id, season_id, status, difficulty, mode, usdoku_code, reminded, deleted, created_by, created_at, completed_at) VALUES(-183, (SELECT chat_id FROM chats LIMIT 1), -1, 'completed', 'medium', NULL, 'NRHJ', 1, 0, NULL, '2025-11-03 07:06:00', '2025-11-03 07:06:00');
INSERT INTO game_results(game_id, player_id, rank, points, duration_secs) VALUES(-183, (SELECT id FROM players WHERE chat_id=(SELECT chat_id FROM chats LIMIT 1) AND name='Nur'), 1, 3, 1088);
INSERT INTO game_results(game_id, player_id, rank, points, duration_secs) VALUES(-183, (SELECT id FROM players WHERE chat_id=(SELECT chat_id FROM chats LIMIT 1) AND name='Joe Rude'), 2, 0, NULL);
INSERT INTO game_results(game_id, player_id, rank, points, duration_secs) VALUES(-183, (SELECT id FROM players WHERE chat_id=(SELECT chat_id FROM chats LIMIT 1) AND name='mister'), 3, 0, NULL);
INSERT INTO games(id, chat_id, season_id, status, difficulty, mode, usdoku_code, reminded, deleted, created_by, created_at, completed_at) VALUES(-182, (SELECT chat_id FROM chats LIMIT 1), -1, 'completed', 'medium', NULL, 'BVZW', 1, 0, NULL, '2025-11-03 07:09:00', '2025-11-03 07:09:00');
INSERT INTO game_results(game_id, player_id, rank, points, duration_secs) VALUES(-182, (SELECT id FROM players WHERE chat_id=(SELECT chat_id FROM chats LIMIT 1) AND name='Nur'), 1, 3, 796);
INSERT INTO game_results(game_id, player_id, rank, points, duration_secs) VALUES(-182, (SELECT id FROM players WHERE chat_id=(SELECT chat_id FROM chats LIMIT 1) AND name='Joe Rude'), 2, 1, 868);
INSERT INTO game_results(game_id, player_id, rank, points, duration_secs) VALUES(-182, (SELECT id FROM players WHERE chat_id=(SELECT chat_id FROM chats LIMIT 1) AND name='mister'), 3, 0, NULL);
INSERT INTO games(id, chat_id, season_id, status, difficulty, mode, usdoku_code, reminded, deleted, created_by, created_at, completed_at) VALUES(-181, (SELECT chat_id FROM chats LIMIT 1), -1, 'completed', 'medium', NULL, NULL, 1, 0, NULL, '2025-11-03 07:12:00', '2025-11-03 07:12:00');
INSERT INTO game_results(game_id, player_id, rank, points, duration_secs) VALUES(-181, (SELECT id FROM players WHERE chat_id=(SELECT chat_id FROM chats LIMIT 1) AND name='Nur'), 1, 0, NULL);
INSERT INTO game_results(game_id, player_id, rank, points, duration_secs) VALUES(-181, (SELECT id FROM players WHERE chat_id=(SELECT chat_id FROM chats LIMIT 1) AND name='Joe Rude'), 2, 0, NULL);
INSERT INTO game_results(game_id, player_id, rank, points, duration_secs) VALUES(-181, (SELECT id FROM players WHERE chat_id=(SELECT chat_id FROM chats LIMIT 1) AND name='mister'), 3, 0, NULL);
INSERT INTO games(id, chat_id, season_id, status, difficulty, mode, usdoku_code, reminded, deleted, created_by, created_at, completed_at) VALUES(-180, (SELECT chat_id FROM chats LIMIT 1), -1, 'completed', 'medium', NULL, 'KGWT', 1, 0, NULL, '2025-11-03 07:15:00', '2025-11-03 07:15:00');
INSERT INTO game_results(game_id, player_id, rank, points, duration_secs) VALUES(-180, (SELECT id FROM players WHERE chat_id=(SELECT chat_id FROM chats LIMIT 1) AND name='Nur'), 1, 3, 583);
INSERT INTO games(id, chat_id, season_id, status, difficulty, mode, usdoku_code, reminded, deleted, created_by, created_at, completed_at) VALUES(-179, (SELECT chat_id FROM chats LIMIT 1), -1, 'completed', 'medium', NULL, NULL, 1, 0, NULL, '2025-11-03 07:18:00', '2025-11-03 07:18:00');
INSERT INTO game_results(game_id, player_id, rank, points, duration_secs) VALUES(-179, (SELECT id FROM players WHERE chat_id=(SELECT chat_id FROM chats LIMIT 1) AND name='mister'), 1, 1, 699);
INSERT INTO game_results(game_id, player_id, rank, points, duration_secs) VALUES(-179, (SELECT id FROM players WHERE chat_id=(SELECT chat_id FROM chats LIMIT 1) AND name='Joe Rude'), 2, 0, NULL);
INSERT INTO games(id, chat_id, season_id, status, difficulty, mode, usdoku_code, reminded, deleted, created_by, created_at, completed_at) VALUES(-178, (SELECT chat_id FROM chats LIMIT 1), -1, 'completed', 'medium', NULL, 'LUEE', 1, 0, NULL, '2025-11-03 07:21:00', '2025-11-03 07:21:00');
INSERT INTO game_results(game_id, player_id, rank, points, duration_secs) VALUES(-178, (SELECT id FROM players WHERE chat_id=(SELECT chat_id FROM chats LIMIT 1) AND name='mister'), 1, 3, 678);
INSERT INTO games(id, chat_id, season_id, status, difficulty, mode, usdoku_code, reminded, deleted, created_by, created_at, completed_at) VALUES(-177, (SELECT chat_id FROM chats LIMIT 1), -1, 'completed', 'medium', NULL, NULL, 1, 0, NULL, '2025-11-03 07:24:00', '2025-11-03 07:24:00');
INSERT INTO game_results(game_id, player_id, rank, points, duration_secs) VALUES(-177, (SELECT id FROM players WHERE chat_id=(SELECT chat_id FROM chats LIMIT 1) AND name='Joe Rude'), 1, 1, NULL);
INSERT INTO game_results(game_id, player_id, rank, points, duration_secs) VALUES(-177, (SELECT id FROM players WHERE chat_id=(SELECT chat_id FROM chats LIMIT 1) AND name='Nur'), 2, 0, NULL);
INSERT INTO games(id, chat_id, season_id, status, difficulty, mode, usdoku_code, reminded, deleted, created_by, created_at, completed_at) VALUES(-176, (SELECT chat_id FROM chats LIMIT 1), -1, 'completed', 'medium', NULL, 'GAKH', 1, 0, NULL, '2025-11-03 07:27:00', '2025-11-03 07:27:00');
INSERT INTO game_results(game_id, player_id, rank, points, duration_secs) VALUES(-176, (SELECT id FROM players WHERE chat_id=(SELECT chat_id FROM chats LIMIT 1) AND name='Nur'), 1, 3, 329);
INSERT INTO games(id, chat_id, season_id, status, difficulty, mode, usdoku_code, reminded, deleted, created_by, created_at, completed_at) VALUES(-175, (SELECT chat_id FROM chats LIMIT 1), -1, 'completed', 'medium', NULL, NULL, 1, 0, NULL, '2025-11-03 07:30:00', '2025-11-03 07:30:00');
INSERT INTO game_results(game_id, player_id, rank, points, duration_secs) VALUES(-175, (SELECT id FROM players WHERE chat_id=(SELECT chat_id FROM chats LIMIT 1) AND name='mister'), 1, 0, NULL);
INSERT INTO game_results(game_id, player_id, rank, points, duration_secs) VALUES(-175, (SELECT id FROM players WHERE chat_id=(SELECT chat_id FROM chats LIMIT 1) AND name='Joe Rude'), 2, 0, NULL);
INSERT INTO games(id, chat_id, season_id, status, difficulty, mode, usdoku_code, reminded, deleted, created_by, created_at, completed_at) VALUES(-174, (SELECT chat_id FROM chats LIMIT 1), -1, 'completed', 'medium', NULL, 'LAYV', 1, 0, NULL, '2025-11-03 07:33:00', '2025-11-03 07:33:00');
INSERT INTO game_results(game_id, player_id, rank, points, duration_secs) VALUES(-174, (SELECT id FROM players WHERE chat_id=(SELECT chat_id FROM chats LIMIT 1) AND name='mister'), 1, 3, NULL);
INSERT INTO games(id, chat_id, season_id, status, difficulty, mode, usdoku_code, reminded, deleted, created_by, created_at, completed_at) VALUES(-173, (SELECT chat_id FROM chats LIMIT 1), -1, 'completed', 'medium', NULL, NULL, 1, 0, NULL, '2025-11-03 07:36:00', '2025-11-03 07:36:00');
INSERT INTO game_results(game_id, player_id, rank, points, duration_secs) VALUES(-173, (SELECT id FROM players WHERE chat_id=(SELECT chat_id FROM chats LIMIT 1) AND name='Joe Rude'), 1, 0, NULL);
INSERT INTO game_results(game_id, player_id, rank, points, duration_secs) VALUES(-173, (SELECT id FROM players WHERE chat_id=(SELECT chat_id FROM chats LIMIT 1) AND name='Nur'), 2, 0, NULL);
INSERT INTO games(id, chat_id, season_id, status, difficulty, mode, usdoku_code, reminded, deleted, created_by, created_at, completed_at) VALUES(-172, (SELECT chat_id FROM chats LIMIT 1), -1, 'completed', 'medium', NULL, 'CENM', 1, 0, NULL, '2025-11-03 07:39:00', '2025-11-03 07:39:00');
INSERT INTO game_results(game_id, player_id, rank, points, duration_secs) VALUES(-172, (SELECT id FROM players WHERE chat_id=(SELECT chat_id FROM chats LIMIT 1) AND name='Nur'), 1, 3, 489);
INSERT INTO games(id, chat_id, season_id, status, difficulty, mode, usdoku_code, reminded, deleted, created_by, created_at, completed_at) VALUES(-171, (SELECT chat_id FROM chats LIMIT 1), -1, 'completed', 'medium', NULL, NULL, 1, 0, NULL, '2025-11-03 07:42:00', '2025-11-03 07:42:00');
INSERT INTO game_results(game_id, player_id, rank, points, duration_secs) VALUES(-171, (SELECT id FROM players WHERE chat_id=(SELECT chat_id FROM chats LIMIT 1) AND name='Joe Rude'), 1, 1, 573);
INSERT INTO game_results(game_id, player_id, rank, points, duration_secs) VALUES(-171, (SELECT id FROM players WHERE chat_id=(SELECT chat_id FROM chats LIMIT 1) AND name='mister'), 2, 0, NULL);
INSERT INTO games(id, chat_id, season_id, status, difficulty, mode, usdoku_code, reminded, deleted, created_by, created_at, completed_at) VALUES(-170, (SELECT chat_id FROM chats LIMIT 1), -1, 'completed', 'medium', NULL, 'YYOE', 1, 0, NULL, '2025-11-03 07:45:00', '2025-11-03 07:45:00');
INSERT INTO game_results(game_id, player_id, rank, points, duration_secs) VALUES(-170, (SELECT id FROM players WHERE chat_id=(SELECT chat_id FROM chats LIMIT 1) AND name='Nur'), 1, 3, 285);
INSERT INTO games(id, chat_id, season_id, status, difficulty, mode, usdoku_code, reminded, deleted, created_by, created_at, completed_at) VALUES(-169, (SELECT chat_id FROM chats LIMIT 1), -1, 'completed', 'medium', NULL, NULL, 1, 0, NULL, '2025-11-03 07:48:00', '2025-11-03 07:48:00');
INSERT INTO game_results(game_id, player_id, rank, points, duration_secs) VALUES(-169, (SELECT id FROM players WHERE chat_id=(SELECT chat_id FROM chats LIMIT 1) AND name='mister'), 1, 1, 293);
INSERT INTO game_results(game_id, player_id, rank, points, duration_secs) VALUES(-169, (SELECT id FROM players WHERE chat_id=(SELECT chat_id FROM chats LIMIT 1) AND name='Joe Rude'), 2, 0, NULL);
INSERT INTO games(id, chat_id, season_id, status, difficulty, mode, usdoku_code, reminded, deleted, created_by, created_at, completed_at) VALUES(-168, (SELECT chat_id FROM chats LIMIT 1), -1, 'completed', 'medium', NULL, 'SKPP', 1, 0, NULL, '2025-11-03 07:51:00', '2025-11-03 07:51:00');
INSERT INTO game_results(game_id, player_id, rank, points, duration_secs) VALUES(-168, (SELECT id FROM players WHERE chat_id=(SELECT chat_id FROM chats LIMIT 1) AND name='mister'), 1, 3, 357);
INSERT INTO games(id, chat_id, season_id, status, difficulty, mode, usdoku_code, reminded, deleted, created_by, created_at, completed_at) VALUES(-167, (SELECT chat_id FROM chats LIMIT 1), -1, 'completed', 'medium', NULL, NULL, 1, 0, NULL, '2025-11-03 07:54:00', '2025-11-03 07:54:00');
INSERT INTO game_results(game_id, player_id, rank, points, duration_secs) VALUES(-167, (SELECT id FROM players WHERE chat_id=(SELECT chat_id FROM chats LIMIT 1) AND name='Joe Rude'), 1, 1, 402);
INSERT INTO game_results(game_id, player_id, rank, points, duration_secs) VALUES(-167, (SELECT id FROM players WHERE chat_id=(SELECT chat_id FROM chats LIMIT 1) AND name='Nur'), 2, 0, NULL);
INSERT INTO games(id, chat_id, season_id, status, difficulty, mode, usdoku_code, reminded, deleted, created_by, created_at, completed_at) VALUES(-166, (SELECT chat_id FROM chats LIMIT 1), -1, 'completed', 'medium', NULL, 'IVUM', 1, 0, NULL, '2025-11-06 07:00:00', '2025-11-06 07:00:00');
INSERT INTO game_results(game_id, player_id, rank, points, duration_secs) VALUES(-166, (SELECT id FROM players WHERE chat_id=(SELECT chat_id FROM chats LIMIT 1) AND name='Joe Rude'), 1, 3, 366);
INSERT INTO games(id, chat_id, season_id, status, difficulty, mode, usdoku_code, reminded, deleted, created_by, created_at, completed_at) VALUES(-165, (SELECT chat_id FROM chats LIMIT 1), -1, 'completed', 'medium', NULL, NULL, 1, 0, NULL, '2025-11-06 07:03:00', '2025-11-06 07:03:00');
INSERT INTO game_results(game_id, player_id, rank, points, duration_secs) VALUES(-165, (SELECT id FROM players WHERE chat_id=(SELECT chat_id FROM chats LIMIT 1) AND name='Nur'), 1, 1, 395);
INSERT INTO game_results(game_id, player_id, rank, points, duration_secs) VALUES(-165, (SELECT id FROM players WHERE chat_id=(SELECT chat_id FROM chats LIMIT 1) AND name='mister'), 2, 0, NULL);
INSERT INTO games(id, chat_id, season_id, status, difficulty, mode, usdoku_code, reminded, deleted, created_by, created_at, completed_at) VALUES(-164, (SELECT chat_id FROM chats LIMIT 1), -1, 'completed', 'medium', NULL, 'GKZT', 1, 0, NULL, '2025-11-06 07:06:00', '2025-11-06 07:06:00');
INSERT INTO game_results(game_id, player_id, rank, points, duration_secs) VALUES(-164, (SELECT id FROM players WHERE chat_id=(SELECT chat_id FROM chats LIMIT 1) AND name='Joe Rude'), 1, 3, 326);
INSERT INTO games(id, chat_id, season_id, status, difficulty, mode, usdoku_code, reminded, deleted, created_by, created_at, completed_at) VALUES(-163, (SELECT chat_id FROM chats LIMIT 1), -1, 'completed', 'medium', NULL, NULL, 1, 0, NULL, '2025-11-06 07:09:00', '2025-11-06 07:09:00');
INSERT INTO game_results(game_id, player_id, rank, points, duration_secs) VALUES(-163, (SELECT id FROM players WHERE chat_id=(SELECT chat_id FROM chats LIMIT 1) AND name='Nur'), 1, 1, 684);
INSERT INTO game_results(game_id, player_id, rank, points, duration_secs) VALUES(-163, (SELECT id FROM players WHERE chat_id=(SELECT chat_id FROM chats LIMIT 1) AND name='mister'), 2, 0, NULL);
INSERT INTO games(id, chat_id, season_id, status, difficulty, mode, usdoku_code, reminded, deleted, created_by, created_at, completed_at) VALUES(-162, (SELECT chat_id FROM chats LIMIT 1), -1, 'completed', 'medium', NULL, NULL, 1, 0, NULL, '2025-11-06 07:12:00', '2025-11-06 07:12:00');
INSERT INTO game_results(game_id, player_id, rank, points, duration_secs) VALUES(-162, (SELECT id FROM players WHERE chat_id=(SELECT chat_id FROM chats LIMIT 1) AND name='Joe Rude'), 1, 3, 357);
INSERT INTO games(id, chat_id, season_id, status, difficulty, mode, usdoku_code, reminded, deleted, created_by, created_at, completed_at) VALUES(-161, (SELECT chat_id FROM chats LIMIT 1), -1, 'completed', 'medium', NULL, NULL, 1, 0, NULL, '2025-11-06 07:15:00', '2025-11-06 07:15:00');
INSERT INTO game_results(game_id, player_id, rank, points, duration_secs) VALUES(-161, (SELECT id FROM players WHERE chat_id=(SELECT chat_id FROM chats LIMIT 1) AND name='Nur'), 1, 1, 567);
INSERT INTO game_results(game_id, player_id, rank, points, duration_secs) VALUES(-161, (SELECT id FROM players WHERE chat_id=(SELECT chat_id FROM chats LIMIT 1) AND name='mister'), 2, 0, NULL);
INSERT INTO games(id, chat_id, season_id, status, difficulty, mode, usdoku_code, reminded, deleted, created_by, created_at, completed_at) VALUES(-160, (SELECT chat_id FROM chats LIMIT 1), -1, 'completed', 'medium', NULL, 'EQFV', 1, 0, NULL, '2025-11-06 07:18:00', '2025-11-06 07:18:00');
INSERT INTO game_results(game_id, player_id, rank, points, duration_secs) VALUES(-160, (SELECT id FROM players WHERE chat_id=(SELECT chat_id FROM chats LIMIT 1) AND name='Nur'), 1, 3, 554);
INSERT INTO games(id, chat_id, season_id, status, difficulty, mode, usdoku_code, reminded, deleted, created_by, created_at, completed_at) VALUES(-159, (SELECT chat_id FROM chats LIMIT 1), -1, 'completed', 'medium', NULL, NULL, 1, 0, NULL, '2025-11-06 07:21:00', '2025-11-06 07:21:00');
INSERT INTO game_results(game_id, player_id, rank, points, duration_secs) VALUES(-159, (SELECT id FROM players WHERE chat_id=(SELECT chat_id FROM chats LIMIT 1) AND name='mister'), 1, 1, 1204);
INSERT INTO game_results(game_id, player_id, rank, points, duration_secs) VALUES(-159, (SELECT id FROM players WHERE chat_id=(SELECT chat_id FROM chats LIMIT 1) AND name='Joe Rude'), 2, 0, NULL);
INSERT INTO games(id, chat_id, season_id, status, difficulty, mode, usdoku_code, reminded, deleted, created_by, created_at, completed_at) VALUES(-158, (SELECT chat_id FROM chats LIMIT 1), -1, 'completed', 'medium', NULL, 'AOXQ', 1, 0, NULL, '2025-11-06 07:24:00', '2025-11-06 07:24:00');
INSERT INTO game_results(game_id, player_id, rank, points, duration_secs) VALUES(-158, (SELECT id FROM players WHERE chat_id=(SELECT chat_id FROM chats LIMIT 1) AND name='Nur'), 1, 3, 550);
INSERT INTO games(id, chat_id, season_id, status, difficulty, mode, usdoku_code, reminded, deleted, created_by, created_at, completed_at) VALUES(-157, (SELECT chat_id FROM chats LIMIT 1), -1, 'completed', 'medium', NULL, NULL, 1, 0, NULL, '2025-11-06 07:27:00', '2025-11-06 07:27:00');
INSERT INTO game_results(game_id, player_id, rank, points, duration_secs) VALUES(-157, (SELECT id FROM players WHERE chat_id=(SELECT chat_id FROM chats LIMIT 1) AND name='mister'), 1, 1, 610);
INSERT INTO game_results(game_id, player_id, rank, points, duration_secs) VALUES(-157, (SELECT id FROM players WHERE chat_id=(SELECT chat_id FROM chats LIMIT 1) AND name='Joe Rude'), 2, 0, NULL);
INSERT INTO games(id, chat_id, season_id, status, difficulty, mode, usdoku_code, reminded, deleted, created_by, created_at, completed_at) VALUES(-156, (SELECT chat_id FROM chats LIMIT 1), -1, 'completed', 'medium', NULL, NULL, 1, 0, NULL, '2025-11-06 07:30:00', '2025-11-06 07:30:00');
INSERT INTO game_results(game_id, player_id, rank, points, duration_secs) VALUES(-156, (SELECT id FROM players WHERE chat_id=(SELECT chat_id FROM chats LIMIT 1) AND name='Nur'), 1, 3, 928);
INSERT INTO games(id, chat_id, season_id, status, difficulty, mode, usdoku_code, reminded, deleted, created_by, created_at, completed_at) VALUES(-155, (SELECT chat_id FROM chats LIMIT 1), -1, 'completed', 'medium', NULL, NULL, 1, 0, NULL, '2025-11-06 07:33:00', '2025-11-06 07:33:00');
INSERT INTO game_results(game_id, player_id, rank, points, duration_secs) VALUES(-155, (SELECT id FROM players WHERE chat_id=(SELECT chat_id FROM chats LIMIT 1) AND name='mister'), 1, 1, 982);
INSERT INTO game_results(game_id, player_id, rank, points, duration_secs) VALUES(-155, (SELECT id FROM players WHERE chat_id=(SELECT chat_id FROM chats LIMIT 1) AND name='Joe Rude'), 2, 0, NULL);
INSERT INTO games(id, chat_id, season_id, status, difficulty, mode, usdoku_code, reminded, deleted, created_by, created_at, completed_at) VALUES(-154, (SELECT chat_id FROM chats LIMIT 1), -1, 'completed', 'medium', NULL, 'JQBK', 1, 0, NULL, '2025-11-06 07:36:00', '2025-11-06 07:36:00');
INSERT INTO game_results(game_id, player_id, rank, points, duration_secs) VALUES(-154, (SELECT id FROM players WHERE chat_id=(SELECT chat_id FROM chats LIMIT 1) AND name='Nur'), 1, 3, 1123);
INSERT INTO games(id, chat_id, season_id, status, difficulty, mode, usdoku_code, reminded, deleted, created_by, created_at, completed_at) VALUES(-153, (SELECT chat_id FROM chats LIMIT 1), -1, 'completed', 'medium', NULL, NULL, 1, 0, NULL, '2025-11-06 07:39:00', '2025-11-06 07:39:00');
INSERT INTO game_results(game_id, player_id, rank, points, duration_secs) VALUES(-153, (SELECT id FROM players WHERE chat_id=(SELECT chat_id FROM chats LIMIT 1) AND name='Joe Rude'), 1, 0, NULL);
INSERT INTO game_results(game_id, player_id, rank, points, duration_secs) VALUES(-153, (SELECT id FROM players WHERE chat_id=(SELECT chat_id FROM chats LIMIT 1) AND name='mister'), 2, 0, NULL);
INSERT INTO games(id, chat_id, season_id, status, difficulty, mode, usdoku_code, reminded, deleted, created_by, created_at, completed_at) VALUES(-152, (SELECT chat_id FROM chats LIMIT 1), -1, 'completed', 'medium', NULL, NULL, 1, 0, NULL, '2025-11-06 07:42:00', '2025-11-06 07:42:00');
INSERT INTO game_results(game_id, player_id, rank, points, duration_secs) VALUES(-152, (SELECT id FROM players WHERE chat_id=(SELECT chat_id FROM chats LIMIT 1) AND name='Nur'), 1, 3, 588);
INSERT INTO games(id, chat_id, season_id, status, difficulty, mode, usdoku_code, reminded, deleted, created_by, created_at, completed_at) VALUES(-151, (SELECT chat_id FROM chats LIMIT 1), -1, 'completed', 'medium', NULL, NULL, 1, 0, NULL, '2025-11-06 07:45:00', '2025-11-06 07:45:00');
INSERT INTO game_results(game_id, player_id, rank, points, duration_secs) VALUES(-151, (SELECT id FROM players WHERE chat_id=(SELECT chat_id FROM chats LIMIT 1) AND name='Joe Rude'), 1, 0, NULL);
INSERT INTO game_results(game_id, player_id, rank, points, duration_secs) VALUES(-151, (SELECT id FROM players WHERE chat_id=(SELECT chat_id FROM chats LIMIT 1) AND name='mister'), 2, 0, NULL);
INSERT INTO games(id, chat_id, season_id, status, difficulty, mode, usdoku_code, reminded, deleted, created_by, created_at, completed_at) VALUES(-150, (SELECT chat_id FROM chats LIMIT 1), -1, 'completed', 'medium', NULL, 'NHLS', 1, 0, NULL, '2025-11-06 07:48:00', '2025-11-06 07:48:00');
INSERT INTO game_results(game_id, player_id, rank, points, duration_secs) VALUES(-150, (SELECT id FROM players WHERE chat_id=(SELECT chat_id FROM chats LIMIT 1) AND name='mister'), 1, 3, 382);
INSERT INTO games(id, chat_id, season_id, status, difficulty, mode, usdoku_code, reminded, deleted, created_by, created_at, completed_at) VALUES(-149, (SELECT chat_id FROM chats LIMIT 1), -1, 'completed', 'medium', NULL, NULL, 1, 0, NULL, '2025-11-06 07:51:00', '2025-11-06 07:51:00');
INSERT INTO game_results(game_id, player_id, rank, points, duration_secs) VALUES(-149, (SELECT id FROM players WHERE chat_id=(SELECT chat_id FROM chats LIMIT 1) AND name='Nur'), 1, 1, 405);
INSERT INTO game_results(game_id, player_id, rank, points, duration_secs) VALUES(-149, (SELECT id FROM players WHERE chat_id=(SELECT chat_id FROM chats LIMIT 1) AND name='Joe Rude'), 2, 0, NULL);
INSERT INTO games(id, chat_id, season_id, status, difficulty, mode, usdoku_code, reminded, deleted, created_by, created_at, completed_at) VALUES(-148, (SELECT chat_id FROM chats LIMIT 1), -1, 'completed', 'medium', NULL, 'HXSA', 1, 0, NULL, '2025-11-06 07:54:00', '2025-11-06 07:54:00');
INSERT INTO game_results(game_id, player_id, rank, points, duration_secs) VALUES(-148, (SELECT id FROM players WHERE chat_id=(SELECT chat_id FROM chats LIMIT 1) AND name='Joe Rude'), 1, 3, 420);
INSERT INTO games(id, chat_id, season_id, status, difficulty, mode, usdoku_code, reminded, deleted, created_by, created_at, completed_at) VALUES(-147, (SELECT chat_id FROM chats LIMIT 1), -1, 'completed', 'medium', NULL, NULL, 1, 0, NULL, '2025-11-06 07:57:00', '2025-11-06 07:57:00');
INSERT INTO game_results(game_id, player_id, rank, points, duration_secs) VALUES(-147, (SELECT id FROM players WHERE chat_id=(SELECT chat_id FROM chats LIMIT 1) AND name='mister'), 1, 1, 474);
INSERT INTO game_results(game_id, player_id, rank, points, duration_secs) VALUES(-147, (SELECT id FROM players WHERE chat_id=(SELECT chat_id FROM chats LIMIT 1) AND name='Nur'), 2, 0, 517);
INSERT INTO games(id, chat_id, season_id, status, difficulty, mode, usdoku_code, reminded, deleted, created_by, created_at, completed_at) VALUES(-146, (SELECT chat_id FROM chats LIMIT 1), -1, 'completed', 'medium', NULL, 'QOOH', 1, 0, NULL, '2025-11-06 08:00:00', '2025-11-06 08:00:00');
INSERT INTO game_results(game_id, player_id, rank, points, duration_secs) VALUES(-146, (SELECT id FROM players WHERE chat_id=(SELECT chat_id FROM chats LIMIT 1) AND name='mister'), 1, 3, 589);
INSERT INTO games(id, chat_id, season_id, status, difficulty, mode, usdoku_code, reminded, deleted, created_by, created_at, completed_at) VALUES(-145, (SELECT chat_id FROM chats LIMIT 1), -1, 'completed', 'medium', NULL, NULL, 1, 0, NULL, '2025-11-06 08:03:00', '2025-11-06 08:03:00');
INSERT INTO game_results(game_id, player_id, rank, points, duration_secs) VALUES(-145, (SELECT id FROM players WHERE chat_id=(SELECT chat_id FROM chats LIMIT 1) AND name='Nur'), 1, 1, 674);
INSERT INTO game_results(game_id, player_id, rank, points, duration_secs) VALUES(-145, (SELECT id FROM players WHERE chat_id=(SELECT chat_id FROM chats LIMIT 1) AND name='Joe Rude'), 2, 0, NULL);
INSERT INTO games(id, chat_id, season_id, status, difficulty, mode, usdoku_code, reminded, deleted, created_by, created_at, completed_at) VALUES(-144, (SELECT chat_id FROM chats LIMIT 1), -1, 'completed', 'medium', NULL, 'SKQY', 1, 0, NULL, '2025-11-06 08:06:00', '2025-11-06 08:06:00');
INSERT INTO game_results(game_id, player_id, rank, points, duration_secs) VALUES(-144, (SELECT id FROM players WHERE chat_id=(SELECT chat_id FROM chats LIMIT 1) AND name='Nur'), 1, 3, 424);
INSERT INTO games(id, chat_id, season_id, status, difficulty, mode, usdoku_code, reminded, deleted, created_by, created_at, completed_at) VALUES(-143, (SELECT chat_id FROM chats LIMIT 1), -1, 'completed', 'medium', NULL, NULL, 1, 0, NULL, '2025-11-06 08:09:00', '2025-11-06 08:09:00');
INSERT INTO game_results(game_id, player_id, rank, points, duration_secs) VALUES(-143, (SELECT id FROM players WHERE chat_id=(SELECT chat_id FROM chats LIMIT 1) AND name='mister'), 1, 1, 1174);
INSERT INTO game_results(game_id, player_id, rank, points, duration_secs) VALUES(-143, (SELECT id FROM players WHERE chat_id=(SELECT chat_id FROM chats LIMIT 1) AND name='Joe Rude'), 2, 0, NULL);
INSERT INTO games(id, chat_id, season_id, status, difficulty, mode, usdoku_code, reminded, deleted, created_by, created_at, completed_at) VALUES(-142, (SELECT chat_id FROM chats LIMIT 1), -1, 'completed', 'medium', NULL, 'UMBP', 1, 0, NULL, '2025-11-12 07:00:00', '2025-11-12 07:00:00');
INSERT INTO game_results(game_id, player_id, rank, points, duration_secs) VALUES(-142, (SELECT id FROM players WHERE chat_id=(SELECT chat_id FROM chats LIMIT 1) AND name='Joe Rude'), 1, 3, 461);
INSERT INTO games(id, chat_id, season_id, status, difficulty, mode, usdoku_code, reminded, deleted, created_by, created_at, completed_at) VALUES(-141, (SELECT chat_id FROM chats LIMIT 1), -1, 'completed', 'medium', NULL, NULL, 1, 0, NULL, '2025-11-12 07:03:00', '2025-11-12 07:03:00');
INSERT INTO game_results(game_id, player_id, rank, points, duration_secs) VALUES(-141, (SELECT id FROM players WHERE chat_id=(SELECT chat_id FROM chats LIMIT 1) AND name='mister'), 1, 0, NULL);
INSERT INTO game_results(game_id, player_id, rank, points, duration_secs) VALUES(-141, (SELECT id FROM players WHERE chat_id=(SELECT chat_id FROM chats LIMIT 1) AND name='Nur'), 2, 0, NULL);
INSERT INTO games(id, chat_id, season_id, status, difficulty, mode, usdoku_code, reminded, deleted, created_by, created_at, completed_at) VALUES(-140, (SELECT chat_id FROM chats LIMIT 1), -1, 'completed', 'medium', NULL, 'HNFQ', 1, 0, NULL, '2025-11-12 07:06:00', '2025-11-12 07:06:00');
INSERT INTO game_results(game_id, player_id, rank, points, duration_secs) VALUES(-140, (SELECT id FROM players WHERE chat_id=(SELECT chat_id FROM chats LIMIT 1) AND name='Joe Rude'), 1, 3, 574);
INSERT INTO games(id, chat_id, season_id, status, difficulty, mode, usdoku_code, reminded, deleted, created_by, created_at, completed_at) VALUES(-139, (SELECT chat_id FROM chats LIMIT 1), -1, 'completed', 'medium', NULL, NULL, 1, 0, NULL, '2025-11-12 07:09:00', '2025-11-12 07:09:00');
INSERT INTO game_results(game_id, player_id, rank, points, duration_secs) VALUES(-139, (SELECT id FROM players WHERE chat_id=(SELECT chat_id FROM chats LIMIT 1) AND name='mister'), 1, 1, 638);
INSERT INTO game_results(game_id, player_id, rank, points, duration_secs) VALUES(-139, (SELECT id FROM players WHERE chat_id=(SELECT chat_id FROM chats LIMIT 1) AND name='Nur'), 2, 0, NULL);
INSERT INTO games(id, chat_id, season_id, status, difficulty, mode, usdoku_code, reminded, deleted, created_by, created_at, completed_at) VALUES(-138, (SELECT chat_id FROM chats LIMIT 1), -2, 'completed', 'medium', NULL, 'NSUA', 1, 0, NULL, '2025-11-17 07:00:00', '2025-11-17 07:00:00');
INSERT INTO game_results(game_id, player_id, rank, points, duration_secs) VALUES(-138, (SELECT id FROM players WHERE chat_id=(SELECT chat_id FROM chats LIMIT 1) AND name='Nur'), 1, 3, NULL);
INSERT INTO game_results(game_id, player_id, rank, points, duration_secs) VALUES(-138, (SELECT id FROM players WHERE chat_id=(SELECT chat_id FROM chats LIMIT 1) AND name='mister'), 2, 1, NULL);
INSERT INTO game_results(game_id, player_id, rank, points, duration_secs) VALUES(-138, (SELECT id FROM players WHERE chat_id=(SELECT chat_id FROM chats LIMIT 1) AND name='Joe Rude'), 3, 0, NULL);
INSERT INTO games(id, chat_id, season_id, status, difficulty, mode, usdoku_code, reminded, deleted, created_by, created_at, completed_at) VALUES(-137, (SELECT chat_id FROM chats LIMIT 1), -2, 'completed', 'medium', NULL, 'ZFVN', 1, 0, NULL, '2025-11-17 07:03:00', '2025-11-17 07:03:00');
INSERT INTO game_results(game_id, player_id, rank, points, duration_secs) VALUES(-137, (SELECT id FROM players WHERE chat_id=(SELECT chat_id FROM chats LIMIT 1) AND name='mister'), 1, 3, NULL);
INSERT INTO game_results(game_id, player_id, rank, points, duration_secs) VALUES(-137, (SELECT id FROM players WHERE chat_id=(SELECT chat_id FROM chats LIMIT 1) AND name='Joe Rude'), 2, 1, NULL);
INSERT INTO game_results(game_id, player_id, rank, points, duration_secs) VALUES(-137, (SELECT id FROM players WHERE chat_id=(SELECT chat_id FROM chats LIMIT 1) AND name='Nur'), 3, 0, NULL);
INSERT INTO games(id, chat_id, season_id, status, difficulty, mode, usdoku_code, reminded, deleted, created_by, created_at, completed_at) VALUES(-136, (SELECT chat_id FROM chats LIMIT 1), -2, 'completed', 'medium', NULL, 'FNIZ', 1, 0, NULL, '2025-11-17 07:06:00', '2025-11-17 07:06:00');
INSERT INTO game_results(game_id, player_id, rank, points, duration_secs) VALUES(-136, (SELECT id FROM players WHERE chat_id=(SELECT chat_id FROM chats LIMIT 1) AND name='Nur'), 1, 3, NULL);
INSERT INTO game_results(game_id, player_id, rank, points, duration_secs) VALUES(-136, (SELECT id FROM players WHERE chat_id=(SELECT chat_id FROM chats LIMIT 1) AND name='Joe Rude'), 2, 1, NULL);
INSERT INTO game_results(game_id, player_id, rank, points, duration_secs) VALUES(-136, (SELECT id FROM players WHERE chat_id=(SELECT chat_id FROM chats LIMIT 1) AND name='mister'), 3, 0, NULL);
INSERT INTO games(id, chat_id, season_id, status, difficulty, mode, usdoku_code, reminded, deleted, created_by, created_at, completed_at) VALUES(-135, (SELECT chat_id FROM chats LIMIT 1), -2, 'completed', 'medium', NULL, 'FMFZ', 1, 0, NULL, '2025-11-17 07:09:00', '2025-11-17 07:09:00');
INSERT INTO game_results(game_id, player_id, rank, points, duration_secs) VALUES(-135, (SELECT id FROM players WHERE chat_id=(SELECT chat_id FROM chats LIMIT 1) AND name='Nur'), 1, 3, NULL);
INSERT INTO games(id, chat_id, season_id, status, difficulty, mode, usdoku_code, reminded, deleted, created_by, created_at, completed_at) VALUES(-134, (SELECT chat_id FROM chats LIMIT 1), -2, 'completed', 'medium', NULL, 'YIPU', 1, 0, NULL, '2025-11-18 07:00:00', '2025-11-18 07:00:00');
INSERT INTO game_results(game_id, player_id, rank, points, duration_secs) VALUES(-134, (SELECT id FROM players WHERE chat_id=(SELECT chat_id FROM chats LIMIT 1) AND name='mister'), 1, 3, NULL);
INSERT INTO game_results(game_id, player_id, rank, points, duration_secs) VALUES(-134, (SELECT id FROM players WHERE chat_id=(SELECT chat_id FROM chats LIMIT 1) AND name='Nur'), 2, 1, NULL);
INSERT INTO game_results(game_id, player_id, rank, points, duration_secs) VALUES(-134, (SELECT id FROM players WHERE chat_id=(SELECT chat_id FROM chats LIMIT 1) AND name='Joe Rude'), 3, 0, NULL);
INSERT INTO games(id, chat_id, season_id, status, difficulty, mode, usdoku_code, reminded, deleted, created_by, created_at, completed_at) VALUES(-133, (SELECT chat_id FROM chats LIMIT 1), -2, 'completed', 'medium', NULL, 'BPTA', 1, 0, NULL, '2025-11-18 07:03:00', '2025-11-18 07:03:00');
INSERT INTO game_results(game_id, player_id, rank, points, duration_secs) VALUES(-133, (SELECT id FROM players WHERE chat_id=(SELECT chat_id FROM chats LIMIT 1) AND name='mister'), 1, 3, NULL);
INSERT INTO game_results(game_id, player_id, rank, points, duration_secs) VALUES(-133, (SELECT id FROM players WHERE chat_id=(SELECT chat_id FROM chats LIMIT 1) AND name='Nur'), 2, 1, NULL);
INSERT INTO game_results(game_id, player_id, rank, points, duration_secs) VALUES(-133, (SELECT id FROM players WHERE chat_id=(SELECT chat_id FROM chats LIMIT 1) AND name='Joe Rude'), 3, 0, NULL);
INSERT INTO games(id, chat_id, season_id, status, difficulty, mode, usdoku_code, reminded, deleted, created_by, created_at, completed_at) VALUES(-132, (SELECT chat_id FROM chats LIMIT 1), -2, 'completed', 'medium', NULL, 'VRSV', 1, 0, NULL, '2025-11-19 07:00:00', '2025-11-19 07:00:00');
INSERT INTO game_results(game_id, player_id, rank, points, duration_secs) VALUES(-132, (SELECT id FROM players WHERE chat_id=(SELECT chat_id FROM chats LIMIT 1) AND name='mister'), 1, 3, NULL);
INSERT INTO games(id, chat_id, season_id, status, difficulty, mode, usdoku_code, reminded, deleted, created_by, created_at, completed_at) VALUES(-131, (SELECT chat_id FROM chats LIMIT 1), -2, 'completed', 'medium', NULL, 'ZUYH', 1, 0, NULL, '2025-11-20 07:00:00', '2025-11-20 07:00:00');
INSERT INTO game_results(game_id, player_id, rank, points, duration_secs) VALUES(-131, (SELECT id FROM players WHERE chat_id=(SELECT chat_id FROM chats LIMIT 1) AND name='Nur'), 1, 3, NULL);
INSERT INTO game_results(game_id, player_id, rank, points, duration_secs) VALUES(-131, (SELECT id FROM players WHERE chat_id=(SELECT chat_id FROM chats LIMIT 1) AND name='Joe Rude'), 2, 1, NULL);
INSERT INTO game_results(game_id, player_id, rank, points, duration_secs) VALUES(-131, (SELECT id FROM players WHERE chat_id=(SELECT chat_id FROM chats LIMIT 1) AND name='mister'), 3, 0, NULL);
INSERT INTO games(id, chat_id, season_id, status, difficulty, mode, usdoku_code, reminded, deleted, created_by, created_at, completed_at) VALUES(-130, (SELECT chat_id FROM chats LIMIT 1), -2, 'completed', 'medium', NULL, 'SQSN', 1, 0, NULL, '2025-11-20 07:03:00', '2025-11-20 07:03:00');
INSERT INTO game_results(game_id, player_id, rank, points, duration_secs) VALUES(-130, (SELECT id FROM players WHERE chat_id=(SELECT chat_id FROM chats LIMIT 1) AND name='Joe Rude'), 1, 3, NULL);
INSERT INTO game_results(game_id, player_id, rank, points, duration_secs) VALUES(-130, (SELECT id FROM players WHERE chat_id=(SELECT chat_id FROM chats LIMIT 1) AND name='Nur'), 2, 1, NULL);
INSERT INTO game_results(game_id, player_id, rank, points, duration_secs) VALUES(-130, (SELECT id FROM players WHERE chat_id=(SELECT chat_id FROM chats LIMIT 1) AND name='mister'), 3, 0, NULL);
INSERT INTO games(id, chat_id, season_id, status, difficulty, mode, usdoku_code, reminded, deleted, created_by, created_at, completed_at) VALUES(-129, (SELECT chat_id FROM chats LIMIT 1), -2, 'completed', 'medium', NULL, 'KSAU', 1, 0, NULL, '2025-11-20 07:06:00', '2025-11-20 07:06:00');
INSERT INTO game_results(game_id, player_id, rank, points, duration_secs) VALUES(-129, (SELECT id FROM players WHERE chat_id=(SELECT chat_id FROM chats LIMIT 1) AND name='mister'), 1, 3, NULL);
INSERT INTO game_results(game_id, player_id, rank, points, duration_secs) VALUES(-129, (SELECT id FROM players WHERE chat_id=(SELECT chat_id FROM chats LIMIT 1) AND name='Nur'), 2, 1, NULL);
INSERT INTO game_results(game_id, player_id, rank, points, duration_secs) VALUES(-129, (SELECT id FROM players WHERE chat_id=(SELECT chat_id FROM chats LIMIT 1) AND name='Joe Rude'), 3, 0, NULL);
INSERT INTO games(id, chat_id, season_id, status, difficulty, mode, usdoku_code, reminded, deleted, created_by, created_at, completed_at) VALUES(-128, (SELECT chat_id FROM chats LIMIT 1), -2, 'completed', 'medium', NULL, 'VUEX', 1, 0, NULL, '2025-11-20 07:09:00', '2025-11-20 07:09:00');
INSERT INTO game_results(game_id, player_id, rank, points, duration_secs) VALUES(-128, (SELECT id FROM players WHERE chat_id=(SELECT chat_id FROM chats LIMIT 1) AND name='Nur'), 1, 3, NULL);
INSERT INTO games(id, chat_id, season_id, status, difficulty, mode, usdoku_code, reminded, deleted, created_by, created_at, completed_at) VALUES(-127, (SELECT chat_id FROM chats LIMIT 1), -2, 'completed', 'medium', NULL, 'IFWQ', 1, 0, NULL, '2025-11-20 07:12:00', '2025-11-20 07:12:00');
INSERT INTO game_results(game_id, player_id, rank, points, duration_secs) VALUES(-127, (SELECT id FROM players WHERE chat_id=(SELECT chat_id FROM chats LIMIT 1) AND name='Nur'), 1, 3, NULL);
INSERT INTO game_results(game_id, player_id, rank, points, duration_secs) VALUES(-127, (SELECT id FROM players WHERE chat_id=(SELECT chat_id FROM chats LIMIT 1) AND name='mister'), 2, 1, NULL);
INSERT INTO game_results(game_id, player_id, rank, points, duration_secs) VALUES(-127, (SELECT id FROM players WHERE chat_id=(SELECT chat_id FROM chats LIMIT 1) AND name='Joe Rude'), 3, 0, NULL);
INSERT INTO games(id, chat_id, season_id, status, difficulty, mode, usdoku_code, reminded, deleted, created_by, created_at, completed_at) VALUES(-126, (SELECT chat_id FROM chats LIMIT 1), -2, 'completed', 'medium', NULL, 'RIRA', 1, 0, NULL, '2025-11-23 07:00:00', '2025-11-23 07:00:00');
INSERT INTO game_results(game_id, player_id, rank, points, duration_secs) VALUES(-126, (SELECT id FROM players WHERE chat_id=(SELECT chat_id FROM chats LIMIT 1) AND name='mister'), 1, 3, NULL);
INSERT INTO game_results(game_id, player_id, rank, points, duration_secs) VALUES(-126, (SELECT id FROM players WHERE chat_id=(SELECT chat_id FROM chats LIMIT 1) AND name='Nur'), 2, 1, NULL);
INSERT INTO game_results(game_id, player_id, rank, points, duration_secs) VALUES(-126, (SELECT id FROM players WHERE chat_id=(SELECT chat_id FROM chats LIMIT 1) AND name='Joe Rude'), 3, 0, NULL);
INSERT INTO games(id, chat_id, season_id, status, difficulty, mode, usdoku_code, reminded, deleted, created_by, created_at, completed_at) VALUES(-125, (SELECT chat_id FROM chats LIMIT 1), -2, 'completed', 'medium', NULL, 'RKFO', 1, 0, NULL, '2025-11-23 07:03:00', '2025-11-23 07:03:00');
INSERT INTO game_results(game_id, player_id, rank, points, duration_secs) VALUES(-125, (SELECT id FROM players WHERE chat_id=(SELECT chat_id FROM chats LIMIT 1) AND name='mister'), 1, 3, NULL);
INSERT INTO game_results(game_id, player_id, rank, points, duration_secs) VALUES(-125, (SELECT id FROM players WHERE chat_id=(SELECT chat_id FROM chats LIMIT 1) AND name='Nur'), 2, 1, NULL);
INSERT INTO game_results(game_id, player_id, rank, points, duration_secs) VALUES(-125, (SELECT id FROM players WHERE chat_id=(SELECT chat_id FROM chats LIMIT 1) AND name='Joe Rude'), 3, 0, NULL);
INSERT INTO games(id, chat_id, season_id, status, difficulty, mode, usdoku_code, reminded, deleted, created_by, created_at, completed_at) VALUES(-124, (SELECT chat_id FROM chats LIMIT 1), -2, 'completed', 'medium', NULL, 'PZDI', 1, 0, NULL, '2025-11-23 07:06:00', '2025-11-23 07:06:00');
INSERT INTO game_results(game_id, player_id, rank, points, duration_secs) VALUES(-124, (SELECT id FROM players WHERE chat_id=(SELECT chat_id FROM chats LIMIT 1) AND name='Joe Rude'), 1, 3, NULL);
INSERT INTO games(id, chat_id, season_id, status, difficulty, mode, usdoku_code, reminded, deleted, created_by, created_at, completed_at) VALUES(-123, (SELECT chat_id FROM chats LIMIT 1), -2, 'completed', 'medium', NULL, 'WTEL', 1, 0, NULL, '2025-11-24 07:00:00', '2025-11-24 07:00:00');
INSERT INTO game_results(game_id, player_id, rank, points, duration_secs) VALUES(-123, (SELECT id FROM players WHERE chat_id=(SELECT chat_id FROM chats LIMIT 1) AND name='Nur'), 1, 3, NULL);
INSERT INTO game_results(game_id, player_id, rank, points, duration_secs) VALUES(-123, (SELECT id FROM players WHERE chat_id=(SELECT chat_id FROM chats LIMIT 1) AND name='mister'), 2, 1, NULL);
INSERT INTO game_results(game_id, player_id, rank, points, duration_secs) VALUES(-123, (SELECT id FROM players WHERE chat_id=(SELECT chat_id FROM chats LIMIT 1) AND name='Joe Rude'), 3, 0, NULL);
INSERT INTO games(id, chat_id, season_id, status, difficulty, mode, usdoku_code, reminded, deleted, created_by, created_at, completed_at) VALUES(-122, (SELECT chat_id FROM chats LIMIT 1), -2, 'completed', 'medium', NULL, 'XLNX', 1, 0, NULL, '2025-11-24 07:03:00', '2025-11-24 07:03:00');
INSERT INTO game_results(game_id, player_id, rank, points, duration_secs) VALUES(-122, (SELECT id FROM players WHERE chat_id=(SELECT chat_id FROM chats LIMIT 1) AND name='mister'), 1, 3, NULL);
INSERT INTO game_results(game_id, player_id, rank, points, duration_secs) VALUES(-122, (SELECT id FROM players WHERE chat_id=(SELECT chat_id FROM chats LIMIT 1) AND name='Joe Rude'), 2, 1, NULL);
INSERT INTO game_results(game_id, player_id, rank, points, duration_secs) VALUES(-122, (SELECT id FROM players WHERE chat_id=(SELECT chat_id FROM chats LIMIT 1) AND name='Nur'), 3, 0, NULL);
INSERT INTO games(id, chat_id, season_id, status, difficulty, mode, usdoku_code, reminded, deleted, created_by, created_at, completed_at) VALUES(-121, (SELECT chat_id FROM chats LIMIT 1), -2, 'completed', 'medium', NULL, 'GCVI', 1, 0, NULL, '2025-11-24 07:06:00', '2025-11-24 07:06:00');
INSERT INTO game_results(game_id, player_id, rank, points, duration_secs) VALUES(-121, (SELECT id FROM players WHERE chat_id=(SELECT chat_id FROM chats LIMIT 1) AND name='Joe Rude'), 1, 3, NULL);
INSERT INTO game_results(game_id, player_id, rank, points, duration_secs) VALUES(-121, (SELECT id FROM players WHERE chat_id=(SELECT chat_id FROM chats LIMIT 1) AND name='Nur'), 2, 1, NULL);
INSERT INTO game_results(game_id, player_id, rank, points, duration_secs) VALUES(-121, (SELECT id FROM players WHERE chat_id=(SELECT chat_id FROM chats LIMIT 1) AND name='mister'), 3, 0, NULL);
INSERT INTO games(id, chat_id, season_id, status, difficulty, mode, usdoku_code, reminded, deleted, created_by, created_at, completed_at) VALUES(-120, (SELECT chat_id FROM chats LIMIT 1), -2, 'completed', 'medium', NULL, 'PTBU', 1, 0, NULL, '2025-11-25 07:00:00', '2025-11-25 07:00:00');
INSERT INTO game_results(game_id, player_id, rank, points, duration_secs) VALUES(-120, (SELECT id FROM players WHERE chat_id=(SELECT chat_id FROM chats LIMIT 1) AND name='mister'), 1, 3, NULL);
INSERT INTO game_results(game_id, player_id, rank, points, duration_secs) VALUES(-120, (SELECT id FROM players WHERE chat_id=(SELECT chat_id FROM chats LIMIT 1) AND name='Joe Rude'), 2, 1, NULL);
INSERT INTO game_results(game_id, player_id, rank, points, duration_secs) VALUES(-120, (SELECT id FROM players WHERE chat_id=(SELECT chat_id FROM chats LIMIT 1) AND name='Nur'), 3, 0, NULL);
INSERT INTO games(id, chat_id, season_id, status, difficulty, mode, usdoku_code, reminded, deleted, created_by, created_at, completed_at) VALUES(-119, (SELECT chat_id FROM chats LIMIT 1), -2, 'completed', 'medium', NULL, 'JYVB', 1, 0, NULL, '2025-11-25 07:03:00', '2025-11-25 07:03:00');
INSERT INTO game_results(game_id, player_id, rank, points, duration_secs) VALUES(-119, (SELECT id FROM players WHERE chat_id=(SELECT chat_id FROM chats LIMIT 1) AND name='Joe Rude'), 1, 3, NULL);
INSERT INTO game_results(game_id, player_id, rank, points, duration_secs) VALUES(-119, (SELECT id FROM players WHERE chat_id=(SELECT chat_id FROM chats LIMIT 1) AND name='Nur'), 2, 1, NULL);
INSERT INTO game_results(game_id, player_id, rank, points, duration_secs) VALUES(-119, (SELECT id FROM players WHERE chat_id=(SELECT chat_id FROM chats LIMIT 1) AND name='mister'), 3, 0, NULL);
INSERT INTO games(id, chat_id, season_id, status, difficulty, mode, usdoku_code, reminded, deleted, created_by, created_at, completed_at) VALUES(-118, (SELECT chat_id FROM chats LIMIT 1), -2, 'completed', 'medium', NULL, 'IMDJ', 1, 0, NULL, '2025-11-25 07:06:00', '2025-11-25 07:06:00');
INSERT INTO game_results(game_id, player_id, rank, points, duration_secs) VALUES(-118, (SELECT id FROM players WHERE chat_id=(SELECT chat_id FROM chats LIMIT 1) AND name='Joe Rude'), 1, 3, NULL);
INSERT INTO game_results(game_id, player_id, rank, points, duration_secs) VALUES(-118, (SELECT id FROM players WHERE chat_id=(SELECT chat_id FROM chats LIMIT 1) AND name='mister'), 2, 1, NULL);
INSERT INTO game_results(game_id, player_id, rank, points, duration_secs) VALUES(-118, (SELECT id FROM players WHERE chat_id=(SELECT chat_id FROM chats LIMIT 1) AND name='Nur'), 3, 0, NULL);
INSERT INTO games(id, chat_id, season_id, status, difficulty, mode, usdoku_code, reminded, deleted, created_by, created_at, completed_at) VALUES(-117, (SELECT chat_id FROM chats LIMIT 1), -2, 'completed', 'medium', NULL, 'EIHD', 1, 0, NULL, '2025-11-25 07:09:00', '2025-11-25 07:09:00');
INSERT INTO game_results(game_id, player_id, rank, points, duration_secs) VALUES(-117, (SELECT id FROM players WHERE chat_id=(SELECT chat_id FROM chats LIMIT 1) AND name='mister'), 1, 3, NULL);
INSERT INTO game_results(game_id, player_id, rank, points, duration_secs) VALUES(-117, (SELECT id FROM players WHERE chat_id=(SELECT chat_id FROM chats LIMIT 1) AND name='Nur'), 2, 1, NULL);
INSERT INTO game_results(game_id, player_id, rank, points, duration_secs) VALUES(-117, (SELECT id FROM players WHERE chat_id=(SELECT chat_id FROM chats LIMIT 1) AND name='Joe Rude'), 3, 0, NULL);
INSERT INTO games(id, chat_id, season_id, status, difficulty, mode, usdoku_code, reminded, deleted, created_by, created_at, completed_at) VALUES(-116, (SELECT chat_id FROM chats LIMIT 1), -2, 'completed', 'medium', NULL, 'QKVT', 1, 0, NULL, '2025-11-25 07:12:00', '2025-11-25 07:12:00');
INSERT INTO game_results(game_id, player_id, rank, points, duration_secs) VALUES(-116, (SELECT id FROM players WHERE chat_id=(SELECT chat_id FROM chats LIMIT 1) AND name='Joe Rude'), 1, 3, NULL);
INSERT INTO game_results(game_id, player_id, rank, points, duration_secs) VALUES(-116, (SELECT id FROM players WHERE chat_id=(SELECT chat_id FROM chats LIMIT 1) AND name='Nur'), 2, 1, NULL);
INSERT INTO game_results(game_id, player_id, rank, points, duration_secs) VALUES(-116, (SELECT id FROM players WHERE chat_id=(SELECT chat_id FROM chats LIMIT 1) AND name='mister'), 3, 0, NULL);
INSERT INTO games(id, chat_id, season_id, status, difficulty, mode, usdoku_code, reminded, deleted, created_by, created_at, completed_at) VALUES(-115, (SELECT chat_id FROM chats LIMIT 1), -2, 'completed', 'medium', NULL, 'ZPAG', 1, 0, NULL, '2025-11-25 07:15:00', '2025-11-25 07:15:00');
INSERT INTO game_results(game_id, player_id, rank, points, duration_secs) VALUES(-115, (SELECT id FROM players WHERE chat_id=(SELECT chat_id FROM chats LIMIT 1) AND name='mister'), 1, 3, NULL);
INSERT INTO game_results(game_id, player_id, rank, points, duration_secs) VALUES(-115, (SELECT id FROM players WHERE chat_id=(SELECT chat_id FROM chats LIMIT 1) AND name='Joe Rude'), 2, 1, NULL);
INSERT INTO game_results(game_id, player_id, rank, points, duration_secs) VALUES(-115, (SELECT id FROM players WHERE chat_id=(SELECT chat_id FROM chats LIMIT 1) AND name='Nur'), 3, 0, NULL);
INSERT INTO games(id, chat_id, season_id, status, difficulty, mode, usdoku_code, reminded, deleted, created_by, created_at, completed_at) VALUES(-114, (SELECT chat_id FROM chats LIMIT 1), -2, 'completed', 'medium', NULL, NULL, 1, 0, NULL, '2025-11-25 07:18:00', '2025-11-25 07:18:00');
INSERT INTO game_results(game_id, player_id, rank, points, duration_secs) VALUES(-114, (SELECT id FROM players WHERE chat_id=(SELECT chat_id FROM chats LIMIT 1) AND name='Nur'), 1, 3, NULL);
INSERT INTO game_results(game_id, player_id, rank, points, duration_secs) VALUES(-114, (SELECT id FROM players WHERE chat_id=(SELECT chat_id FROM chats LIMIT 1) AND name='mister'), 2, 1, NULL);
INSERT INTO game_results(game_id, player_id, rank, points, duration_secs) VALUES(-114, (SELECT id FROM players WHERE chat_id=(SELECT chat_id FROM chats LIMIT 1) AND name='Joe Rude'), 3, 0, NULL);
INSERT INTO games(id, chat_id, season_id, status, difficulty, mode, usdoku_code, reminded, deleted, created_by, created_at, completed_at) VALUES(-113, (SELECT chat_id FROM chats LIMIT 1), -2, 'completed', 'medium', NULL, 'WRPN', 1, 0, NULL, '2025-11-25 07:21:00', '2025-11-25 07:21:00');
INSERT INTO game_results(game_id, player_id, rank, points, duration_secs) VALUES(-113, (SELECT id FROM players WHERE chat_id=(SELECT chat_id FROM chats LIMIT 1) AND name='Nur'), 1, 3, NULL);
INSERT INTO game_results(game_id, player_id, rank, points, duration_secs) VALUES(-113, (SELECT id FROM players WHERE chat_id=(SELECT chat_id FROM chats LIMIT 1) AND name='Joe Rude'), 2, 1, NULL);
INSERT INTO game_results(game_id, player_id, rank, points, duration_secs) VALUES(-113, (SELECT id FROM players WHERE chat_id=(SELECT chat_id FROM chats LIMIT 1) AND name='mister'), 3, 0, NULL);
INSERT INTO games(id, chat_id, season_id, status, difficulty, mode, usdoku_code, reminded, deleted, created_by, created_at, completed_at) VALUES(-112, (SELECT chat_id FROM chats LIMIT 1), -2, 'completed', 'medium', NULL, 'RPXI', 1, 0, NULL, '2025-11-25 07:24:00', '2025-11-25 07:24:00');
INSERT INTO game_results(game_id, player_id, rank, points, duration_secs) VALUES(-112, (SELECT id FROM players WHERE chat_id=(SELECT chat_id FROM chats LIMIT 1) AND name='mister'), 1, 3, NULL);
INSERT INTO game_results(game_id, player_id, rank, points, duration_secs) VALUES(-112, (SELECT id FROM players WHERE chat_id=(SELECT chat_id FROM chats LIMIT 1) AND name='Nur'), 2, 1, NULL);
INSERT INTO game_results(game_id, player_id, rank, points, duration_secs) VALUES(-112, (SELECT id FROM players WHERE chat_id=(SELECT chat_id FROM chats LIMIT 1) AND name='Joe Rude'), 3, 0, NULL);
INSERT INTO games(id, chat_id, season_id, status, difficulty, mode, usdoku_code, reminded, deleted, created_by, created_at, completed_at) VALUES(-111, (SELECT chat_id FROM chats LIMIT 1), -2, 'completed', 'medium', NULL, NULL, 1, 0, NULL, '2025-11-25 07:27:00', '2025-11-25 07:27:00');
INSERT INTO game_results(game_id, player_id, rank, points, duration_secs) VALUES(-111, (SELECT id FROM players WHERE chat_id=(SELECT chat_id FROM chats LIMIT 1) AND name='mister'), 1, 3, NULL);
INSERT INTO game_results(game_id, player_id, rank, points, duration_secs) VALUES(-111, (SELECT id FROM players WHERE chat_id=(SELECT chat_id FROM chats LIMIT 1) AND name='Nur'), 2, 1, NULL);
INSERT INTO game_results(game_id, player_id, rank, points, duration_secs) VALUES(-111, (SELECT id FROM players WHERE chat_id=(SELECT chat_id FROM chats LIMIT 1) AND name='Joe Rude'), 3, 0, NULL);
INSERT INTO games(id, chat_id, season_id, status, difficulty, mode, usdoku_code, reminded, deleted, created_by, created_at, completed_at) VALUES(-110, (SELECT chat_id FROM chats LIMIT 1), -2, 'completed', 'medium', NULL, 'YSII', 1, 0, NULL, '2025-11-25 07:30:00', '2025-11-25 07:30:00');
INSERT INTO game_results(game_id, player_id, rank, points, duration_secs) VALUES(-110, (SELECT id FROM players WHERE chat_id=(SELECT chat_id FROM chats LIMIT 1) AND name='Joe Rude'), 1, 3, NULL);
INSERT INTO game_results(game_id, player_id, rank, points, duration_secs) VALUES(-110, (SELECT id FROM players WHERE chat_id=(SELECT chat_id FROM chats LIMIT 1) AND name='mister'), 2, 1, NULL);
INSERT INTO game_results(game_id, player_id, rank, points, duration_secs) VALUES(-110, (SELECT id FROM players WHERE chat_id=(SELECT chat_id FROM chats LIMIT 1) AND name='Nur'), 3, 0, NULL);
INSERT INTO games(id, chat_id, season_id, status, difficulty, mode, usdoku_code, reminded, deleted, created_by, created_at, completed_at) VALUES(-109, (SELECT chat_id FROM chats LIMIT 1), -2, 'completed', 'medium', NULL, 'EKNX', 1, 0, NULL, '2025-11-25 07:33:00', '2025-11-25 07:33:00');
INSERT INTO game_results(game_id, player_id, rank, points, duration_secs) VALUES(-109, (SELECT id FROM players WHERE chat_id=(SELECT chat_id FROM chats LIMIT 1) AND name='Joe Rude'), 1, 3, NULL);
INSERT INTO games(id, chat_id, season_id, status, difficulty, mode, usdoku_code, reminded, deleted, created_by, created_at, completed_at) VALUES(-108, (SELECT chat_id FROM chats LIMIT 1), -2, 'completed', 'medium', NULL, 'SXZL', 1, 0, NULL, '2025-11-25 07:36:00', '2025-11-25 07:36:00');
INSERT INTO game_results(game_id, player_id, rank, points, duration_secs) VALUES(-108, (SELECT id FROM players WHERE chat_id=(SELECT chat_id FROM chats LIMIT 1) AND name='Nur'), 1, 3, NULL);
INSERT INTO game_results(game_id, player_id, rank, points, duration_secs) VALUES(-108, (SELECT id FROM players WHERE chat_id=(SELECT chat_id FROM chats LIMIT 1) AND name='Joe Rude'), 2, 1, NULL);
INSERT INTO game_results(game_id, player_id, rank, points, duration_secs) VALUES(-108, (SELECT id FROM players WHERE chat_id=(SELECT chat_id FROM chats LIMIT 1) AND name='mister'), 3, 0, NULL);
INSERT INTO games(id, chat_id, season_id, status, difficulty, mode, usdoku_code, reminded, deleted, created_by, created_at, completed_at) VALUES(-107, (SELECT chat_id FROM chats LIMIT 1), -2, 'completed', 'medium', NULL, 'PLNN', 1, 0, NULL, '2025-11-25 07:39:00', '2025-11-25 07:39:00');
INSERT INTO game_results(game_id, player_id, rank, points, duration_secs) VALUES(-107, (SELECT id FROM players WHERE chat_id=(SELECT chat_id FROM chats LIMIT 1) AND name='mister'), 1, 3, NULL);
INSERT INTO game_results(game_id, player_id, rank, points, duration_secs) VALUES(-107, (SELECT id FROM players WHERE chat_id=(SELECT chat_id FROM chats LIMIT 1) AND name='Joe Rude'), 2, 1, NULL);
INSERT INTO game_results(game_id, player_id, rank, points, duration_secs) VALUES(-107, (SELECT id FROM players WHERE chat_id=(SELECT chat_id FROM chats LIMIT 1) AND name='Nur'), 3, 0, NULL);
INSERT INTO games(id, chat_id, season_id, status, difficulty, mode, usdoku_code, reminded, deleted, created_by, created_at, completed_at) VALUES(-106, (SELECT chat_id FROM chats LIMIT 1), -2, 'completed', 'medium', NULL, 'XENZ', 1, 0, NULL, '2025-11-25 07:42:00', '2025-11-25 07:42:00');
INSERT INTO game_results(game_id, player_id, rank, points, duration_secs) VALUES(-106, (SELECT id FROM players WHERE chat_id=(SELECT chat_id FROM chats LIMIT 1) AND name='Nur'), 1, 3, NULL);
INSERT INTO game_results(game_id, player_id, rank, points, duration_secs) VALUES(-106, (SELECT id FROM players WHERE chat_id=(SELECT chat_id FROM chats LIMIT 1) AND name='Joe Rude'), 2, 1, NULL);
INSERT INTO game_results(game_id, player_id, rank, points, duration_secs) VALUES(-106, (SELECT id FROM players WHERE chat_id=(SELECT chat_id FROM chats LIMIT 1) AND name='mister'), 3, 0, NULL);
INSERT INTO games(id, chat_id, season_id, status, difficulty, mode, usdoku_code, reminded, deleted, created_by, created_at, completed_at) VALUES(-105, (SELECT chat_id FROM chats LIMIT 1), -2, 'completed', 'medium', NULL, 'QNVM', 1, 0, NULL, '2025-11-25 07:45:00', '2025-11-25 07:45:00');
INSERT INTO game_results(game_id, player_id, rank, points, duration_secs) VALUES(-105, (SELECT id FROM players WHERE chat_id=(SELECT chat_id FROM chats LIMIT 1) AND name='Nur'), 1, 3, NULL);
INSERT INTO game_results(game_id, player_id, rank, points, duration_secs) VALUES(-105, (SELECT id FROM players WHERE chat_id=(SELECT chat_id FROM chats LIMIT 1) AND name='mister'), 2, 1, NULL);
INSERT INTO game_results(game_id, player_id, rank, points, duration_secs) VALUES(-105, (SELECT id FROM players WHERE chat_id=(SELECT chat_id FROM chats LIMIT 1) AND name='Joe Rude'), 3, 0, NULL);
INSERT INTO games(id, chat_id, season_id, status, difficulty, mode, usdoku_code, reminded, deleted, created_by, created_at, completed_at) VALUES(-104, (SELECT chat_id FROM chats LIMIT 1), -2, 'completed', 'medium', NULL, 'EDKX', 1, 0, NULL, '2025-11-25 07:48:00', '2025-11-25 07:48:00');
INSERT INTO game_results(game_id, player_id, rank, points, duration_secs) VALUES(-104, (SELECT id FROM players WHERE chat_id=(SELECT chat_id FROM chats LIMIT 1) AND name='Nur'), 1, 3, NULL);
INSERT INTO game_results(game_id, player_id, rank, points, duration_secs) VALUES(-104, (SELECT id FROM players WHERE chat_id=(SELECT chat_id FROM chats LIMIT 1) AND name='mister'), 2, 1, NULL);
INSERT INTO game_results(game_id, player_id, rank, points, duration_secs) VALUES(-104, (SELECT id FROM players WHERE chat_id=(SELECT chat_id FROM chats LIMIT 1) AND name='Joe Rude'), 3, 0, NULL);
INSERT INTO games(id, chat_id, season_id, status, difficulty, mode, usdoku_code, reminded, deleted, created_by, created_at, completed_at) VALUES(-103, (SELECT chat_id FROM chats LIMIT 1), -2, 'completed', 'medium', NULL, 'QNQB', 1, 0, NULL, '2025-11-25 07:51:00', '2025-11-25 07:51:00');
INSERT INTO game_results(game_id, player_id, rank, points, duration_secs) VALUES(-103, (SELECT id FROM players WHERE chat_id=(SELECT chat_id FROM chats LIMIT 1) AND name='Joe Rude'), 1, 3, NULL);
INSERT INTO game_results(game_id, player_id, rank, points, duration_secs) VALUES(-103, (SELECT id FROM players WHERE chat_id=(SELECT chat_id FROM chats LIMIT 1) AND name='mister'), 2, 1, NULL);
INSERT INTO game_results(game_id, player_id, rank, points, duration_secs) VALUES(-103, (SELECT id FROM players WHERE chat_id=(SELECT chat_id FROM chats LIMIT 1) AND name='Nur'), 3, 0, NULL);
INSERT INTO games(id, chat_id, season_id, status, difficulty, mode, usdoku_code, reminded, deleted, created_by, created_at, completed_at) VALUES(-102, (SELECT chat_id FROM chats LIMIT 1), -2, 'completed', 'medium', NULL, 'DZYC', 1, 0, NULL, '2025-11-25 07:54:00', '2025-11-25 07:54:00');
INSERT INTO game_results(game_id, player_id, rank, points, duration_secs) VALUES(-102, (SELECT id FROM players WHERE chat_id=(SELECT chat_id FROM chats LIMIT 1) AND name='mister'), 1, 3, NULL);
INSERT INTO game_results(game_id, player_id, rank, points, duration_secs) VALUES(-102, (SELECT id FROM players WHERE chat_id=(SELECT chat_id FROM chats LIMIT 1) AND name='Joe Rude'), 2, 1, NULL);
INSERT INTO game_results(game_id, player_id, rank, points, duration_secs) VALUES(-102, (SELECT id FROM players WHERE chat_id=(SELECT chat_id FROM chats LIMIT 1) AND name='Nur'), 3, 0, NULL);
INSERT INTO games(id, chat_id, season_id, status, difficulty, mode, usdoku_code, reminded, deleted, created_by, created_at, completed_at) VALUES(-101, (SELECT chat_id FROM chats LIMIT 1), -2, 'completed', 'medium', NULL, 'ZBHQ', 1, 0, NULL, '2025-11-25 07:57:00', '2025-11-25 07:57:00');
INSERT INTO game_results(game_id, player_id, rank, points, duration_secs) VALUES(-101, (SELECT id FROM players WHERE chat_id=(SELECT chat_id FROM chats LIMIT 1) AND name='mister'), 1, 3, NULL);
INSERT INTO game_results(game_id, player_id, rank, points, duration_secs) VALUES(-101, (SELECT id FROM players WHERE chat_id=(SELECT chat_id FROM chats LIMIT 1) AND name='Nur'), 2, 1, NULL);
INSERT INTO game_results(game_id, player_id, rank, points, duration_secs) VALUES(-101, (SELECT id FROM players WHERE chat_id=(SELECT chat_id FROM chats LIMIT 1) AND name='Joe Rude'), 3, 0, NULL);
INSERT INTO games(id, chat_id, season_id, status, difficulty, mode, usdoku_code, reminded, deleted, created_by, created_at, completed_at) VALUES(-100, (SELECT chat_id FROM chats LIMIT 1), -2, 'completed', 'medium', NULL, 'VUSI', 1, 0, NULL, '2025-11-25 08:00:00', '2025-11-25 08:00:00');
INSERT INTO game_results(game_id, player_id, rank, points, duration_secs) VALUES(-100, (SELECT id FROM players WHERE chat_id=(SELECT chat_id FROM chats LIMIT 1) AND name='Nur'), 1, 3, NULL);
INSERT INTO game_results(game_id, player_id, rank, points, duration_secs) VALUES(-100, (SELECT id FROM players WHERE chat_id=(SELECT chat_id FROM chats LIMIT 1) AND name='Joe Rude'), 2, 1, NULL);
INSERT INTO game_results(game_id, player_id, rank, points, duration_secs) VALUES(-100, (SELECT id FROM players WHERE chat_id=(SELECT chat_id FROM chats LIMIT 1) AND name='mister'), 3, 0, NULL);
INSERT INTO games(id, chat_id, season_id, status, difficulty, mode, usdoku_code, reminded, deleted, created_by, created_at, completed_at) VALUES(-99, (SELECT chat_id FROM chats LIMIT 1), -2, 'completed', 'medium', NULL, 'BQXT', 1, 0, NULL, '2025-11-25 08:03:00', '2025-11-25 08:03:00');
INSERT INTO game_results(game_id, player_id, rank, points, duration_secs) VALUES(-99, (SELECT id FROM players WHERE chat_id=(SELECT chat_id FROM chats LIMIT 1) AND name='Nur'), 1, 3, NULL);
INSERT INTO game_results(game_id, player_id, rank, points, duration_secs) VALUES(-99, (SELECT id FROM players WHERE chat_id=(SELECT chat_id FROM chats LIMIT 1) AND name='Joe Rude'), 2, 1, NULL);
INSERT INTO game_results(game_id, player_id, rank, points, duration_secs) VALUES(-99, (SELECT id FROM players WHERE chat_id=(SELECT chat_id FROM chats LIMIT 1) AND name='mister'), 3, 0, NULL);
INSERT INTO games(id, chat_id, season_id, status, difficulty, mode, usdoku_code, reminded, deleted, created_by, created_at, completed_at) VALUES(-98, (SELECT chat_id FROM chats LIMIT 1), -2, 'completed', 'medium', NULL, 'DRRE', 1, 0, NULL, '2025-11-25 08:06:00', '2025-11-25 08:06:00');
INSERT INTO game_results(game_id, player_id, rank, points, duration_secs) VALUES(-98, (SELECT id FROM players WHERE chat_id=(SELECT chat_id FROM chats LIMIT 1) AND name='Joe Rude'), 1, 3, NULL);
INSERT INTO game_results(game_id, player_id, rank, points, duration_secs) VALUES(-98, (SELECT id FROM players WHERE chat_id=(SELECT chat_id FROM chats LIMIT 1) AND name='Nur'), 2, 1, NULL);
INSERT INTO game_results(game_id, player_id, rank, points, duration_secs) VALUES(-98, (SELECT id FROM players WHERE chat_id=(SELECT chat_id FROM chats LIMIT 1) AND name='mister'), 3, 0, NULL);
INSERT INTO games(id, chat_id, season_id, status, difficulty, mode, usdoku_code, reminded, deleted, created_by, created_at, completed_at) VALUES(-97, (SELECT chat_id FROM chats LIMIT 1), -2, 'completed', 'medium', NULL, 'VQSC', 1, 0, NULL, '2025-11-25 08:09:00', '2025-11-25 08:09:00');
INSERT INTO game_results(game_id, player_id, rank, points, duration_secs) VALUES(-97, (SELECT id FROM players WHERE chat_id=(SELECT chat_id FROM chats LIMIT 1) AND name='Nur'), 1, 3, NULL);
INSERT INTO game_results(game_id, player_id, rank, points, duration_secs) VALUES(-97, (SELECT id FROM players WHERE chat_id=(SELECT chat_id FROM chats LIMIT 1) AND name='mister'), 2, 1, NULL);
INSERT INTO game_results(game_id, player_id, rank, points, duration_secs) VALUES(-97, (SELECT id FROM players WHERE chat_id=(SELECT chat_id FROM chats LIMIT 1) AND name='Joe Rude'), 3, 0, NULL);
INSERT INTO games(id, chat_id, season_id, status, difficulty, mode, usdoku_code, reminded, deleted, created_by, created_at, completed_at) VALUES(-96, (SELECT chat_id FROM chats LIMIT 1), -2, 'completed', 'medium', NULL, 'FXED', 1, 0, NULL, '2025-11-25 08:12:00', '2025-11-25 08:12:00');
INSERT INTO game_results(game_id, player_id, rank, points, duration_secs) VALUES(-96, (SELECT id FROM players WHERE chat_id=(SELECT chat_id FROM chats LIMIT 1) AND name='Nur'), 1, 3, NULL);
INSERT INTO game_results(game_id, player_id, rank, points, duration_secs) VALUES(-96, (SELECT id FROM players WHERE chat_id=(SELECT chat_id FROM chats LIMIT 1) AND name='Joe Rude'), 2, 1, NULL);
INSERT INTO game_results(game_id, player_id, rank, points, duration_secs) VALUES(-96, (SELECT id FROM players WHERE chat_id=(SELECT chat_id FROM chats LIMIT 1) AND name='mister'), 3, 0, NULL);
INSERT INTO games(id, chat_id, season_id, status, difficulty, mode, usdoku_code, reminded, deleted, created_by, created_at, completed_at) VALUES(-95, (SELECT chat_id FROM chats LIMIT 1), -2, 'completed', 'medium', NULL, 'BNDM', 1, 0, NULL, '2025-11-25 08:15:00', '2025-11-25 08:15:00');
INSERT INTO game_results(game_id, player_id, rank, points, duration_secs) VALUES(-95, (SELECT id FROM players WHERE chat_id=(SELECT chat_id FROM chats LIMIT 1) AND name='Nur'), 1, 3, NULL);
INSERT INTO game_results(game_id, player_id, rank, points, duration_secs) VALUES(-95, (SELECT id FROM players WHERE chat_id=(SELECT chat_id FROM chats LIMIT 1) AND name='Joe Rude'), 2, 1, NULL);
INSERT INTO game_results(game_id, player_id, rank, points, duration_secs) VALUES(-95, (SELECT id FROM players WHERE chat_id=(SELECT chat_id FROM chats LIMIT 1) AND name='mister'), 3, 0, NULL);
INSERT INTO games(id, chat_id, season_id, status, difficulty, mode, usdoku_code, reminded, deleted, created_by, created_at, completed_at) VALUES(-94, (SELECT chat_id FROM chats LIMIT 1), -2, 'completed', 'medium', NULL, 'OARV', 1, 0, NULL, '2025-11-25 08:18:00', '2025-11-25 08:18:00');
INSERT INTO game_results(game_id, player_id, rank, points, duration_secs) VALUES(-94, (SELECT id FROM players WHERE chat_id=(SELECT chat_id FROM chats LIMIT 1) AND name='Joe Rude'), 1, 3, NULL);
INSERT INTO games(id, chat_id, season_id, status, difficulty, mode, usdoku_code, reminded, deleted, created_by, created_at, completed_at) VALUES(-93, (SELECT chat_id FROM chats LIMIT 1), -2, 'completed', 'medium', NULL, 'ROGW', 1, 0, NULL, '2025-11-25 08:21:00', '2025-11-25 08:21:00');
INSERT INTO game_results(game_id, player_id, rank, points, duration_secs) VALUES(-93, (SELECT id FROM players WHERE chat_id=(SELECT chat_id FROM chats LIMIT 1) AND name='Joe Rude'), 1, 3, NULL);
INSERT INTO game_results(game_id, player_id, rank, points, duration_secs) VALUES(-93, (SELECT id FROM players WHERE chat_id=(SELECT chat_id FROM chats LIMIT 1) AND name='Nur'), 2, 1, NULL);
INSERT INTO game_results(game_id, player_id, rank, points, duration_secs) VALUES(-93, (SELECT id FROM players WHERE chat_id=(SELECT chat_id FROM chats LIMIT 1) AND name='mister'), 3, 0, NULL);
INSERT INTO games(id, chat_id, season_id, status, difficulty, mode, usdoku_code, reminded, deleted, created_by, created_at, completed_at) VALUES(-92, (SELECT chat_id FROM chats LIMIT 1), -2, 'completed', 'medium', NULL, 'JVXL', 1, 0, NULL, '2025-11-25 08:24:00', '2025-11-25 08:24:00');
INSERT INTO game_results(game_id, player_id, rank, points, duration_secs) VALUES(-92, (SELECT id FROM players WHERE chat_id=(SELECT chat_id FROM chats LIMIT 1) AND name='mister'), 1, 3, NULL);
INSERT INTO games(id, chat_id, season_id, status, difficulty, mode, usdoku_code, reminded, deleted, created_by, created_at, completed_at) VALUES(-91, (SELECT chat_id FROM chats LIMIT 1), -2, 'completed', 'medium', NULL, 'OBLO', 1, 0, NULL, '2025-11-25 08:27:00', '2025-11-25 08:27:00');
INSERT INTO game_results(game_id, player_id, rank, points, duration_secs) VALUES(-91, (SELECT id FROM players WHERE chat_id=(SELECT chat_id FROM chats LIMIT 1) AND name='Joe Rude'), 1, 3, NULL);
INSERT INTO game_results(game_id, player_id, rank, points, duration_secs) VALUES(-91, (SELECT id FROM players WHERE chat_id=(SELECT chat_id FROM chats LIMIT 1) AND name='Nur'), 2, 1, NULL);
INSERT INTO game_results(game_id, player_id, rank, points, duration_secs) VALUES(-91, (SELECT id FROM players WHERE chat_id=(SELECT chat_id FROM chats LIMIT 1) AND name='mister'), 3, 0, NULL);
INSERT INTO games(id, chat_id, season_id, status, difficulty, mode, usdoku_code, reminded, deleted, created_by, created_at, completed_at) VALUES(-90, (SELECT chat_id FROM chats LIMIT 1), -2, 'completed', 'medium', NULL, 'MIWT', 1, 0, NULL, '2025-11-25 08:30:00', '2025-11-25 08:30:00');
INSERT INTO game_results(game_id, player_id, rank, points, duration_secs) VALUES(-90, (SELECT id FROM players WHERE chat_id=(SELECT chat_id FROM chats LIMIT 1) AND name='Nur'), 1, 3, NULL);
INSERT INTO game_results(game_id, player_id, rank, points, duration_secs) VALUES(-90, (SELECT id FROM players WHERE chat_id=(SELECT chat_id FROM chats LIMIT 1) AND name='mister'), 2, 1, NULL);
INSERT INTO game_results(game_id, player_id, rank, points, duration_secs) VALUES(-90, (SELECT id FROM players WHERE chat_id=(SELECT chat_id FROM chats LIMIT 1) AND name='Joe Rude'), 3, 0, NULL);
INSERT INTO games(id, chat_id, season_id, status, difficulty, mode, usdoku_code, reminded, deleted, created_by, created_at, completed_at) VALUES(-89, (SELECT chat_id FROM chats LIMIT 1), -2, 'completed', 'medium', NULL, 'TFYU', 1, 0, NULL, '2025-11-25 08:33:00', '2025-11-25 08:33:00');
INSERT INTO game_results(game_id, player_id, rank, points, duration_secs) VALUES(-89, (SELECT id FROM players WHERE chat_id=(SELECT chat_id FROM chats LIMIT 1) AND name='Nur'), 1, 3, NULL);
INSERT INTO game_results(game_id, player_id, rank, points, duration_secs) VALUES(-89, (SELECT id FROM players WHERE chat_id=(SELECT chat_id FROM chats LIMIT 1) AND name='Joe Rude'), 2, 1, NULL);
INSERT INTO game_results(game_id, player_id, rank, points, duration_secs) VALUES(-89, (SELECT id FROM players WHERE chat_id=(SELECT chat_id FROM chats LIMIT 1) AND name='mister'), 3, 0, NULL);
INSERT INTO games(id, chat_id, season_id, status, difficulty, mode, usdoku_code, reminded, deleted, created_by, created_at, completed_at) VALUES(-88, (SELECT chat_id FROM chats LIMIT 1), -2, 'completed', 'medium', NULL, 'GCGU', 1, 0, NULL, '2025-12-01 07:00:00', '2025-12-01 07:00:00');
INSERT INTO game_results(game_id, player_id, rank, points, duration_secs) VALUES(-88, (SELECT id FROM players WHERE chat_id=(SELECT chat_id FROM chats LIMIT 1) AND name='Nur'), 1, 3, NULL);
INSERT INTO game_results(game_id, player_id, rank, points, duration_secs) VALUES(-88, (SELECT id FROM players WHERE chat_id=(SELECT chat_id FROM chats LIMIT 1) AND name='mister'), 2, 1, NULL);
INSERT INTO game_results(game_id, player_id, rank, points, duration_secs) VALUES(-88, (SELECT id FROM players WHERE chat_id=(SELECT chat_id FROM chats LIMIT 1) AND name='Joe Rude'), 3, 0, NULL);
INSERT INTO games(id, chat_id, season_id, status, difficulty, mode, usdoku_code, reminded, deleted, created_by, created_at, completed_at) VALUES(-87, (SELECT chat_id FROM chats LIMIT 1), -2, 'completed', 'medium', NULL, 'HYVX', 1, 0, NULL, '2025-12-01 07:03:00', '2025-12-01 07:03:00');
INSERT INTO game_results(game_id, player_id, rank, points, duration_secs) VALUES(-87, (SELECT id FROM players WHERE chat_id=(SELECT chat_id FROM chats LIMIT 1) AND name='Nur'), 1, 3, NULL);
INSERT INTO game_results(game_id, player_id, rank, points, duration_secs) VALUES(-87, (SELECT id FROM players WHERE chat_id=(SELECT chat_id FROM chats LIMIT 1) AND name='Joe Rude'), 2, 1, NULL);
INSERT INTO game_results(game_id, player_id, rank, points, duration_secs) VALUES(-87, (SELECT id FROM players WHERE chat_id=(SELECT chat_id FROM chats LIMIT 1) AND name='mister'), 3, 0, NULL);
INSERT INTO games(id, chat_id, season_id, status, difficulty, mode, usdoku_code, reminded, deleted, created_by, created_at, completed_at) VALUES(-86, (SELECT chat_id FROM chats LIMIT 1), -2, 'completed', 'medium', NULL, 'GEVF', 1, 0, NULL, '2025-12-01 07:06:00', '2025-12-01 07:06:00');
INSERT INTO game_results(game_id, player_id, rank, points, duration_secs) VALUES(-86, (SELECT id FROM players WHERE chat_id=(SELECT chat_id FROM chats LIMIT 1) AND name='mister'), 1, 3, NULL);
INSERT INTO game_results(game_id, player_id, rank, points, duration_secs) VALUES(-86, (SELECT id FROM players WHERE chat_id=(SELECT chat_id FROM chats LIMIT 1) AND name='Joe Rude'), 2, 1, NULL);
INSERT INTO game_results(game_id, player_id, rank, points, duration_secs) VALUES(-86, (SELECT id FROM players WHERE chat_id=(SELECT chat_id FROM chats LIMIT 1) AND name='Nur'), 3, 0, NULL);
INSERT INTO games(id, chat_id, season_id, status, difficulty, mode, usdoku_code, reminded, deleted, created_by, created_at, completed_at) VALUES(-85, (SELECT chat_id FROM chats LIMIT 1), -2, 'completed', 'medium', NULL, 'EEPL', 1, 0, NULL, '2025-12-01 07:09:00', '2025-12-01 07:09:00');
INSERT INTO game_results(game_id, player_id, rank, points, duration_secs) VALUES(-85, (SELECT id FROM players WHERE chat_id=(SELECT chat_id FROM chats LIMIT 1) AND name='mister'), 1, 3, NULL);
INSERT INTO game_results(game_id, player_id, rank, points, duration_secs) VALUES(-85, (SELECT id FROM players WHERE chat_id=(SELECT chat_id FROM chats LIMIT 1) AND name='Joe Rude'), 2, 1, NULL);
INSERT INTO game_results(game_id, player_id, rank, points, duration_secs) VALUES(-85, (SELECT id FROM players WHERE chat_id=(SELECT chat_id FROM chats LIMIT 1) AND name='Nur'), 3, 0, NULL);
INSERT INTO games(id, chat_id, season_id, status, difficulty, mode, usdoku_code, reminded, deleted, created_by, created_at, completed_at) VALUES(-84, (SELECT chat_id FROM chats LIMIT 1), -2, 'completed', 'medium', NULL, 'FLSM', 1, 0, NULL, '2025-12-01 07:12:00', '2025-12-01 07:12:00');
INSERT INTO game_results(game_id, player_id, rank, points, duration_secs) VALUES(-84, (SELECT id FROM players WHERE chat_id=(SELECT chat_id FROM chats LIMIT 1) AND name='Joe Rude'), 1, 3, NULL);
INSERT INTO games(id, chat_id, season_id, status, difficulty, mode, usdoku_code, reminded, deleted, created_by, created_at, completed_at) VALUES(-83, (SELECT chat_id FROM chats LIMIT 1), -2, 'completed', 'medium', NULL, 'SQUI', 1, 0, NULL, '2025-12-01 07:15:00', '2025-12-01 07:15:00');
INSERT INTO game_results(game_id, player_id, rank, points, duration_secs) VALUES(-83, (SELECT id FROM players WHERE chat_id=(SELECT chat_id FROM chats LIMIT 1) AND name='Nur'), 1, 3, NULL);
INSERT INTO game_results(game_id, player_id, rank, points, duration_secs) VALUES(-83, (SELECT id FROM players WHERE chat_id=(SELECT chat_id FROM chats LIMIT 1) AND name='mister'), 2, 1, NULL);
INSERT INTO game_results(game_id, player_id, rank, points, duration_secs) VALUES(-83, (SELECT id FROM players WHERE chat_id=(SELECT chat_id FROM chats LIMIT 1) AND name='Joe Rude'), 3, 0, NULL);
INSERT INTO games(id, chat_id, season_id, status, difficulty, mode, usdoku_code, reminded, deleted, created_by, created_at, completed_at) VALUES(-82, (SELECT chat_id FROM chats LIMIT 1), -2, 'completed', 'medium', NULL, 'MCZU', 1, 0, NULL, '2025-12-01 07:18:00', '2025-12-01 07:18:00');
INSERT INTO game_results(game_id, player_id, rank, points, duration_secs) VALUES(-82, (SELECT id FROM players WHERE chat_id=(SELECT chat_id FROM chats LIMIT 1) AND name='mister'), 1, 3, NULL);
INSERT INTO game_results(game_id, player_id, rank, points, duration_secs) VALUES(-82, (SELECT id FROM players WHERE chat_id=(SELECT chat_id FROM chats LIMIT 1) AND name='Nur'), 2, 1, NULL);
INSERT INTO game_results(game_id, player_id, rank, points, duration_secs) VALUES(-82, (SELECT id FROM players WHERE chat_id=(SELECT chat_id FROM chats LIMIT 1) AND name='Joe Rude'), 3, 0, NULL);
INSERT INTO games(id, chat_id, season_id, status, difficulty, mode, usdoku_code, reminded, deleted, created_by, created_at, completed_at) VALUES(-81, (SELECT chat_id FROM chats LIMIT 1), -2, 'completed', 'medium', NULL, 'ZRCZ', 1, 0, NULL, '2025-12-02 07:00:00', '2025-12-02 07:00:00');
INSERT INTO game_results(game_id, player_id, rank, points, duration_secs) VALUES(-81, (SELECT id FROM players WHERE chat_id=(SELECT chat_id FROM chats LIMIT 1) AND name='Joe Rude'), 1, 3, NULL);
INSERT INTO game_results(game_id, player_id, rank, points, duration_secs) VALUES(-81, (SELECT id FROM players WHERE chat_id=(SELECT chat_id FROM chats LIMIT 1) AND name='Nur'), 2, 1, NULL);
INSERT INTO game_results(game_id, player_id, rank, points, duration_secs) VALUES(-81, (SELECT id FROM players WHERE chat_id=(SELECT chat_id FROM chats LIMIT 1) AND name='mister'), 3, 0, NULL);
INSERT INTO games(id, chat_id, season_id, status, difficulty, mode, usdoku_code, reminded, deleted, created_by, created_at, completed_at) VALUES(-80, (SELECT chat_id FROM chats LIMIT 1), -2, 'completed', 'medium', NULL, 'RPOB', 1, 0, NULL, '2025-12-02 07:03:00', '2025-12-02 07:03:00');
INSERT INTO game_results(game_id, player_id, rank, points, duration_secs) VALUES(-80, (SELECT id FROM players WHERE chat_id=(SELECT chat_id FROM chats LIMIT 1) AND name='Nur'), 1, 3, NULL);
INSERT INTO game_results(game_id, player_id, rank, points, duration_secs) VALUES(-80, (SELECT id FROM players WHERE chat_id=(SELECT chat_id FROM chats LIMIT 1) AND name='Joe Rude'), 2, 1, NULL);
INSERT INTO game_results(game_id, player_id, rank, points, duration_secs) VALUES(-80, (SELECT id FROM players WHERE chat_id=(SELECT chat_id FROM chats LIMIT 1) AND name='mister'), 3, 0, NULL);
INSERT INTO games(id, chat_id, season_id, status, difficulty, mode, usdoku_code, reminded, deleted, created_by, created_at, completed_at) VALUES(-79, (SELECT chat_id FROM chats LIMIT 1), -2, 'completed', 'medium', NULL, NULL, 1, 0, NULL, '2025-12-02 07:06:00', '2025-12-02 07:06:00');
INSERT INTO game_results(game_id, player_id, rank, points, duration_secs) VALUES(-79, (SELECT id FROM players WHERE chat_id=(SELECT chat_id FROM chats LIMIT 1) AND name='mister'), 1, 3, NULL);
INSERT INTO game_results(game_id, player_id, rank, points, duration_secs) VALUES(-79, (SELECT id FROM players WHERE chat_id=(SELECT chat_id FROM chats LIMIT 1) AND name='Nur'), 2, 1, NULL);
INSERT INTO game_results(game_id, player_id, rank, points, duration_secs) VALUES(-79, (SELECT id FROM players WHERE chat_id=(SELECT chat_id FROM chats LIMIT 1) AND name='Joe Rude'), 3, 0, NULL);
INSERT INTO games(id, chat_id, season_id, status, difficulty, mode, usdoku_code, reminded, deleted, created_by, created_at, completed_at) VALUES(-78, (SELECT chat_id FROM chats LIMIT 1), -2, 'completed', 'medium', NULL, 'NNZH', 1, 0, NULL, '2025-12-02 07:09:00', '2025-12-02 07:09:00');
INSERT INTO game_results(game_id, player_id, rank, points, duration_secs) VALUES(-78, (SELECT id FROM players WHERE chat_id=(SELECT chat_id FROM chats LIMIT 1) AND name='Nur'), 1, 3, NULL);
INSERT INTO game_results(game_id, player_id, rank, points, duration_secs) VALUES(-78, (SELECT id FROM players WHERE chat_id=(SELECT chat_id FROM chats LIMIT 1) AND name='Joe Rude'), 2, 1, NULL);
INSERT INTO game_results(game_id, player_id, rank, points, duration_secs) VALUES(-78, (SELECT id FROM players WHERE chat_id=(SELECT chat_id FROM chats LIMIT 1) AND name='mister'), 3, 0, NULL);
INSERT INTO games(id, chat_id, season_id, status, difficulty, mode, usdoku_code, reminded, deleted, created_by, created_at, completed_at) VALUES(-77, (SELECT chat_id FROM chats LIMIT 1), -2, 'completed', 'medium', NULL, 'ZLTF', 1, 0, NULL, '2025-12-02 07:12:00', '2025-12-02 07:12:00');
INSERT INTO game_results(game_id, player_id, rank, points, duration_secs) VALUES(-77, (SELECT id FROM players WHERE chat_id=(SELECT chat_id FROM chats LIMIT 1) AND name='Joe Rude'), 1, 3, NULL);
INSERT INTO games(id, chat_id, season_id, status, difficulty, mode, usdoku_code, reminded, deleted, created_by, created_at, completed_at) VALUES(-76, (SELECT chat_id FROM chats LIMIT 1), -2, 'completed', 'medium', NULL, NULL, 1, 0, NULL, '2025-12-02 07:15:00', '2025-12-02 07:15:00');
INSERT INTO game_results(game_id, player_id, rank, points, duration_secs) VALUES(-76, (SELECT id FROM players WHERE chat_id=(SELECT chat_id FROM chats LIMIT 1) AND name='Nur'), 1, 3, NULL);
INSERT INTO game_results(game_id, player_id, rank, points, duration_secs) VALUES(-76, (SELECT id FROM players WHERE chat_id=(SELECT chat_id FROM chats LIMIT 1) AND name='mister'), 2, 1, NULL);
INSERT INTO game_results(game_id, player_id, rank, points, duration_secs) VALUES(-76, (SELECT id FROM players WHERE chat_id=(SELECT chat_id FROM chats LIMIT 1) AND name='Joe Rude'), 3, 0, NULL);
INSERT INTO games(id, chat_id, season_id, status, difficulty, mode, usdoku_code, reminded, deleted, created_by, created_at, completed_at) VALUES(-75, (SELECT chat_id FROM chats LIMIT 1), -2, 'completed', 'medium', NULL, NULL, 1, 0, NULL, '2025-12-02 07:18:00', '2025-12-02 07:18:00');
INSERT INTO game_results(game_id, player_id, rank, points, duration_secs) VALUES(-75, (SELECT id FROM players WHERE chat_id=(SELECT chat_id FROM chats LIMIT 1) AND name='mister'), 1, 3, NULL);
INSERT INTO game_results(game_id, player_id, rank, points, duration_secs) VALUES(-75, (SELECT id FROM players WHERE chat_id=(SELECT chat_id FROM chats LIMIT 1) AND name='Joe Rude'), 2, 1, NULL);
INSERT INTO game_results(game_id, player_id, rank, points, duration_secs) VALUES(-75, (SELECT id FROM players WHERE chat_id=(SELECT chat_id FROM chats LIMIT 1) AND name='Nur'), 3, 0, NULL);
INSERT INTO games(id, chat_id, season_id, status, difficulty, mode, usdoku_code, reminded, deleted, created_by, created_at, completed_at) VALUES(-74, (SELECT chat_id FROM chats LIMIT 1), -2, 'completed', 'medium', NULL, NULL, 1, 0, NULL, '2025-12-02 07:21:00', '2025-12-02 07:21:00');
INSERT INTO game_results(game_id, player_id, rank, points, duration_secs) VALUES(-74, (SELECT id FROM players WHERE chat_id=(SELECT chat_id FROM chats LIMIT 1) AND name='Nur'), 1, 3, NULL);
INSERT INTO games(id, chat_id, season_id, status, difficulty, mode, usdoku_code, reminded, deleted, created_by, created_at, completed_at) VALUES(-73, (SELECT chat_id FROM chats LIMIT 1), -3, 'completed', 'medium', NULL, 'RVJF', 1, 0, NULL, '2025-12-06 07:00:00', '2025-12-06 07:00:00');
INSERT INTO game_results(game_id, player_id, rank, points, duration_secs) VALUES(-73, (SELECT id FROM players WHERE chat_id=(SELECT chat_id FROM chats LIMIT 1) AND name='mister'), 1, 3, NULL);
INSERT INTO games(id, chat_id, season_id, status, difficulty, mode, usdoku_code, reminded, deleted, created_by, created_at, completed_at) VALUES(-72, (SELECT chat_id FROM chats LIMIT 1), -3, 'completed', 'medium', NULL, 'TVLQ', 1, 0, NULL, '2025-12-06 07:03:00', '2025-12-06 07:03:00');
INSERT INTO game_results(game_id, player_id, rank, points, duration_secs) VALUES(-72, (SELECT id FROM players WHERE chat_id=(SELECT chat_id FROM chats LIMIT 1) AND name='Joe Rude'), 1, 3, NULL);
INSERT INTO game_results(game_id, player_id, rank, points, duration_secs) VALUES(-72, (SELECT id FROM players WHERE chat_id=(SELECT chat_id FROM chats LIMIT 1) AND name='Nur'), 2, 1, NULL);
INSERT INTO game_results(game_id, player_id, rank, points, duration_secs) VALUES(-72, (SELECT id FROM players WHERE chat_id=(SELECT chat_id FROM chats LIMIT 1) AND name='mister'), 3, 0, NULL);
INSERT INTO games(id, chat_id, season_id, status, difficulty, mode, usdoku_code, reminded, deleted, created_by, created_at, completed_at) VALUES(-71, (SELECT chat_id FROM chats LIMIT 1), -3, 'completed', 'medium', NULL, 'CXKK', 1, 0, NULL, '2025-12-06 07:06:00', '2025-12-06 07:06:00');
INSERT INTO game_results(game_id, player_id, rank, points, duration_secs) VALUES(-71, (SELECT id FROM players WHERE chat_id=(SELECT chat_id FROM chats LIMIT 1) AND name='Nur'), 1, 3, NULL);
INSERT INTO game_results(game_id, player_id, rank, points, duration_secs) VALUES(-71, (SELECT id FROM players WHERE chat_id=(SELECT chat_id FROM chats LIMIT 1) AND name='mister'), 2, 1, NULL);
INSERT INTO game_results(game_id, player_id, rank, points, duration_secs) VALUES(-71, (SELECT id FROM players WHERE chat_id=(SELECT chat_id FROM chats LIMIT 1) AND name='Joe Rude'), 3, 0, NULL);
INSERT INTO games(id, chat_id, season_id, status, difficulty, mode, usdoku_code, reminded, deleted, created_by, created_at, completed_at) VALUES(-70, (SELECT chat_id FROM chats LIMIT 1), -3, 'completed', 'medium', NULL, 'JFXH', 1, 0, NULL, '2025-12-06 07:09:00', '2025-12-06 07:09:00');
INSERT INTO game_results(game_id, player_id, rank, points, duration_secs) VALUES(-70, (SELECT id FROM players WHERE chat_id=(SELECT chat_id FROM chats LIMIT 1) AND name='mister'), 1, 3, NULL);
INSERT INTO game_results(game_id, player_id, rank, points, duration_secs) VALUES(-70, (SELECT id FROM players WHERE chat_id=(SELECT chat_id FROM chats LIMIT 1) AND name='Nur'), 2, 1, NULL);
INSERT INTO game_results(game_id, player_id, rank, points, duration_secs) VALUES(-70, (SELECT id FROM players WHERE chat_id=(SELECT chat_id FROM chats LIMIT 1) AND name='Joe Rude'), 3, 0, NULL);
INSERT INTO games(id, chat_id, season_id, status, difficulty, mode, usdoku_code, reminded, deleted, created_by, created_at, completed_at) VALUES(-69, (SELECT chat_id FROM chats LIMIT 1), -3, 'completed', 'medium', NULL, 'PJOF', 1, 0, NULL, '2025-12-08 07:00:00', '2025-12-08 07:00:00');
INSERT INTO game_results(game_id, player_id, rank, points, duration_secs) VALUES(-69, (SELECT id FROM players WHERE chat_id=(SELECT chat_id FROM chats LIMIT 1) AND name='Joe Rude'), 1, 3, NULL);
INSERT INTO game_results(game_id, player_id, rank, points, duration_secs) VALUES(-69, (SELECT id FROM players WHERE chat_id=(SELECT chat_id FROM chats LIMIT 1) AND name='Nur'), 2, 1, NULL);
INSERT INTO game_results(game_id, player_id, rank, points, duration_secs) VALUES(-69, (SELECT id FROM players WHERE chat_id=(SELECT chat_id FROM chats LIMIT 1) AND name='mister'), 3, 0, NULL);
INSERT INTO games(id, chat_id, season_id, status, difficulty, mode, usdoku_code, reminded, deleted, created_by, created_at, completed_at) VALUES(-68, (SELECT chat_id FROM chats LIMIT 1), -3, 'completed', 'medium', NULL, NULL, 1, 0, NULL, '2025-12-08 07:03:00', '2025-12-08 07:03:00');
INSERT INTO game_results(game_id, player_id, rank, points, duration_secs) VALUES(-68, (SELECT id FROM players WHERE chat_id=(SELECT chat_id FROM chats LIMIT 1) AND name='Nur'), 1, 3, NULL);
INSERT INTO games(id, chat_id, season_id, status, difficulty, mode, usdoku_code, reminded, deleted, created_by, created_at, completed_at) VALUES(-67, (SELECT chat_id FROM chats LIMIT 1), -3, 'completed', 'medium', NULL, 'KWQG', 1, 0, NULL, '2025-12-08 07:06:00', '2025-12-08 07:06:00');
INSERT INTO game_results(game_id, player_id, rank, points, duration_secs) VALUES(-67, (SELECT id FROM players WHERE chat_id=(SELECT chat_id FROM chats LIMIT 1) AND name='Joe Rude'), 1, 3, NULL);
INSERT INTO game_results(game_id, player_id, rank, points, duration_secs) VALUES(-67, (SELECT id FROM players WHERE chat_id=(SELECT chat_id FROM chats LIMIT 1) AND name='Nur'), 2, 1, NULL);
INSERT INTO game_results(game_id, player_id, rank, points, duration_secs) VALUES(-67, (SELECT id FROM players WHERE chat_id=(SELECT chat_id FROM chats LIMIT 1) AND name='mister'), 3, 0, NULL);
INSERT INTO games(id, chat_id, season_id, status, difficulty, mode, usdoku_code, reminded, deleted, created_by, created_at, completed_at) VALUES(-66, (SELECT chat_id FROM chats LIMIT 1), -3, 'completed', 'medium', NULL, NULL, 1, 0, NULL, '2025-12-08 07:09:00', '2025-12-08 07:09:00');
INSERT INTO game_results(game_id, player_id, rank, points, duration_secs) VALUES(-66, (SELECT id FROM players WHERE chat_id=(SELECT chat_id FROM chats LIMIT 1) AND name='mister'), 1, 3, NULL);
INSERT INTO game_results(game_id, player_id, rank, points, duration_secs) VALUES(-66, (SELECT id FROM players WHERE chat_id=(SELECT chat_id FROM chats LIMIT 1) AND name='Nur'), 2, 1, NULL);
INSERT INTO game_results(game_id, player_id, rank, points, duration_secs) VALUES(-66, (SELECT id FROM players WHERE chat_id=(SELECT chat_id FROM chats LIMIT 1) AND name='Joe Rude'), 3, 0, NULL);
INSERT INTO games(id, chat_id, season_id, status, difficulty, mode, usdoku_code, reminded, deleted, created_by, created_at, completed_at) VALUES(-65, (SELECT chat_id FROM chats LIMIT 1), -3, 'completed', 'medium', NULL, 'GGLY', 1, 0, NULL, '2025-12-09 07:00:00', '2025-12-09 07:00:00');
INSERT INTO game_results(game_id, player_id, rank, points, duration_secs) VALUES(-65, (SELECT id FROM players WHERE chat_id=(SELECT chat_id FROM chats LIMIT 1) AND name='mister'), 1, 3, NULL);
INSERT INTO game_results(game_id, player_id, rank, points, duration_secs) VALUES(-65, (SELECT id FROM players WHERE chat_id=(SELECT chat_id FROM chats LIMIT 1) AND name='Joe Rude'), 2, 1, NULL);
INSERT INTO game_results(game_id, player_id, rank, points, duration_secs) VALUES(-65, (SELECT id FROM players WHERE chat_id=(SELECT chat_id FROM chats LIMIT 1) AND name='Nur'), 3, 0, NULL);
INSERT INTO games(id, chat_id, season_id, status, difficulty, mode, usdoku_code, reminded, deleted, created_by, created_at, completed_at) VALUES(-64, (SELECT chat_id FROM chats LIMIT 1), -3, 'completed', 'medium', NULL, 'XXRQ', 1, 0, NULL, '2025-12-09 07:03:00', '2025-12-09 07:03:00');
INSERT INTO game_results(game_id, player_id, rank, points, duration_secs) VALUES(-64, (SELECT id FROM players WHERE chat_id=(SELECT chat_id FROM chats LIMIT 1) AND name='Joe Rude'), 1, 3, NULL);
INSERT INTO games(id, chat_id, season_id, status, difficulty, mode, usdoku_code, reminded, deleted, created_by, created_at, completed_at) VALUES(-63, (SELECT chat_id FROM chats LIMIT 1), -3, 'completed', 'medium', NULL, 'FNHV', 1, 0, NULL, '2025-12-09 07:06:00', '2025-12-09 07:06:00');
INSERT INTO game_results(game_id, player_id, rank, points, duration_secs) VALUES(-63, (SELECT id FROM players WHERE chat_id=(SELECT chat_id FROM chats LIMIT 1) AND name='Joe Rude'), 1, 3, NULL);
INSERT INTO games(id, chat_id, season_id, status, difficulty, mode, usdoku_code, reminded, deleted, created_by, created_at, completed_at) VALUES(-62, (SELECT chat_id FROM chats LIMIT 1), -3, 'completed', 'medium', NULL, 'RFLU', 1, 0, NULL, '2025-12-11 07:00:00', '2025-12-11 07:00:00');
INSERT INTO game_results(game_id, player_id, rank, points, duration_secs) VALUES(-62, (SELECT id FROM players WHERE chat_id=(SELECT chat_id FROM chats LIMIT 1) AND name='mister'), 1, 3, NULL);
INSERT INTO game_results(game_id, player_id, rank, points, duration_secs) VALUES(-62, (SELECT id FROM players WHERE chat_id=(SELECT chat_id FROM chats LIMIT 1) AND name='Nur'), 2, 1, NULL);
INSERT INTO game_results(game_id, player_id, rank, points, duration_secs) VALUES(-62, (SELECT id FROM players WHERE chat_id=(SELECT chat_id FROM chats LIMIT 1) AND name='Joe Rude'), 3, 0, NULL);
INSERT INTO games(id, chat_id, season_id, status, difficulty, mode, usdoku_code, reminded, deleted, created_by, created_at, completed_at) VALUES(-61, (SELECT chat_id FROM chats LIMIT 1), -3, 'completed', 'medium', NULL, 'SRJT', 1, 0, NULL, '2025-12-11 07:03:00', '2025-12-11 07:03:00');
INSERT INTO game_results(game_id, player_id, rank, points, duration_secs) VALUES(-61, (SELECT id FROM players WHERE chat_id=(SELECT chat_id FROM chats LIMIT 1) AND name='Joe Rude'), 1, 3, NULL);
INSERT INTO game_results(game_id, player_id, rank, points, duration_secs) VALUES(-61, (SELECT id FROM players WHERE chat_id=(SELECT chat_id FROM chats LIMIT 1) AND name='mister'), 2, 1, NULL);
INSERT INTO game_results(game_id, player_id, rank, points, duration_secs) VALUES(-61, (SELECT id FROM players WHERE chat_id=(SELECT chat_id FROM chats LIMIT 1) AND name='Nur'), 3, 0, NULL);
INSERT INTO games(id, chat_id, season_id, status, difficulty, mode, usdoku_code, reminded, deleted, created_by, created_at, completed_at) VALUES(-60, (SELECT chat_id FROM chats LIMIT 1), -3, 'completed', 'medium', NULL, 'AUZY', 1, 0, NULL, '2025-12-11 07:06:00', '2025-12-11 07:06:00');
INSERT INTO game_results(game_id, player_id, rank, points, duration_secs) VALUES(-60, (SELECT id FROM players WHERE chat_id=(SELECT chat_id FROM chats LIMIT 1) AND name='mister'), 1, 3, NULL);
INSERT INTO game_results(game_id, player_id, rank, points, duration_secs) VALUES(-60, (SELECT id FROM players WHERE chat_id=(SELECT chat_id FROM chats LIMIT 1) AND name='Joe Rude'), 2, 1, NULL);
INSERT INTO game_results(game_id, player_id, rank, points, duration_secs) VALUES(-60, (SELECT id FROM players WHERE chat_id=(SELECT chat_id FROM chats LIMIT 1) AND name='Nur'), 3, 0, NULL);
INSERT INTO games(id, chat_id, season_id, status, difficulty, mode, usdoku_code, reminded, deleted, created_by, created_at, completed_at) VALUES(-59, (SELECT chat_id FROM chats LIMIT 1), -3, 'completed', 'medium', NULL, 'GQFS', 1, 0, NULL, '2025-12-11 07:09:00', '2025-12-11 07:09:00');
INSERT INTO game_results(game_id, player_id, rank, points, duration_secs) VALUES(-59, (SELECT id FROM players WHERE chat_id=(SELECT chat_id FROM chats LIMIT 1) AND name='mister'), 1, 3, NULL);
INSERT INTO game_results(game_id, player_id, rank, points, duration_secs) VALUES(-59, (SELECT id FROM players WHERE chat_id=(SELECT chat_id FROM chats LIMIT 1) AND name='Joe Rude'), 2, 1, NULL);
INSERT INTO game_results(game_id, player_id, rank, points, duration_secs) VALUES(-59, (SELECT id FROM players WHERE chat_id=(SELECT chat_id FROM chats LIMIT 1) AND name='Nur'), 3, 0, NULL);
INSERT INTO games(id, chat_id, season_id, status, difficulty, mode, usdoku_code, reminded, deleted, created_by, created_at, completed_at) VALUES(-58, (SELECT chat_id FROM chats LIMIT 1), -3, 'completed', 'medium', NULL, NULL, 1, 0, NULL, '2025-12-11 07:12:00', '2025-12-11 07:12:00');
INSERT INTO game_results(game_id, player_id, rank, points, duration_secs) VALUES(-58, (SELECT id FROM players WHERE chat_id=(SELECT chat_id FROM chats LIMIT 1) AND name='Nur'), 1, 3, NULL);
INSERT INTO game_results(game_id, player_id, rank, points, duration_secs) VALUES(-58, (SELECT id FROM players WHERE chat_id=(SELECT chat_id FROM chats LIMIT 1) AND name='mister'), 2, 1, NULL);
INSERT INTO game_results(game_id, player_id, rank, points, duration_secs) VALUES(-58, (SELECT id FROM players WHERE chat_id=(SELECT chat_id FROM chats LIMIT 1) AND name='Joe Rude'), 3, 0, NULL);
INSERT INTO games(id, chat_id, season_id, status, difficulty, mode, usdoku_code, reminded, deleted, created_by, created_at, completed_at) VALUES(-57, (SELECT chat_id FROM chats LIMIT 1), -3, 'completed', 'medium', NULL, NULL, 1, 0, NULL, '2025-12-11 07:15:00', '2025-12-11 07:15:00');
INSERT INTO game_results(game_id, player_id, rank, points, duration_secs) VALUES(-57, (SELECT id FROM players WHERE chat_id=(SELECT chat_id FROM chats LIMIT 1) AND name='mister'), 1, 3, NULL);
INSERT INTO game_results(game_id, player_id, rank, points, duration_secs) VALUES(-57, (SELECT id FROM players WHERE chat_id=(SELECT chat_id FROM chats LIMIT 1) AND name='Nur'), 2, 1, NULL);
INSERT INTO game_results(game_id, player_id, rank, points, duration_secs) VALUES(-57, (SELECT id FROM players WHERE chat_id=(SELECT chat_id FROM chats LIMIT 1) AND name='Joe Rude'), 3, 0, NULL);
INSERT INTO games(id, chat_id, season_id, status, difficulty, mode, usdoku_code, reminded, deleted, created_by, created_at, completed_at) VALUES(-56, (SELECT chat_id FROM chats LIMIT 1), -3, 'completed', 'medium', NULL, NULL, 1, 0, NULL, '2025-12-11 07:18:00', '2025-12-11 07:18:00');
INSERT INTO game_results(game_id, player_id, rank, points, duration_secs) VALUES(-56, (SELECT id FROM players WHERE chat_id=(SELECT chat_id FROM chats LIMIT 1) AND name='mister'), 1, 3, NULL);
INSERT INTO game_results(game_id, player_id, rank, points, duration_secs) VALUES(-56, (SELECT id FROM players WHERE chat_id=(SELECT chat_id FROM chats LIMIT 1) AND name='Nur'), 2, 1, NULL);
INSERT INTO game_results(game_id, player_id, rank, points, duration_secs) VALUES(-56, (SELECT id FROM players WHERE chat_id=(SELECT chat_id FROM chats LIMIT 1) AND name='Joe Rude'), 3, 0, NULL);
INSERT INTO games(id, chat_id, season_id, status, difficulty, mode, usdoku_code, reminded, deleted, created_by, created_at, completed_at) VALUES(-55, (SELECT chat_id FROM chats LIMIT 1), -3, 'completed', 'medium', NULL, NULL, 1, 0, NULL, '2025-12-11 07:21:00', '2025-12-11 07:21:00');
INSERT INTO game_results(game_id, player_id, rank, points, duration_secs) VALUES(-55, (SELECT id FROM players WHERE chat_id=(SELECT chat_id FROM chats LIMIT 1) AND name='Nur'), 1, 3, NULL);
INSERT INTO games(id, chat_id, season_id, status, difficulty, mode, usdoku_code, reminded, deleted, created_by, created_at, completed_at) VALUES(-54, (SELECT chat_id FROM chats LIMIT 1), -3, 'completed', 'medium', NULL, NULL, 1, 0, NULL, '2025-12-12 07:00:00', '2025-12-12 07:00:00');
INSERT INTO game_results(game_id, player_id, rank, points, duration_secs) VALUES(-54, (SELECT id FROM players WHERE chat_id=(SELECT chat_id FROM chats LIMIT 1) AND name='Nur'), 1, 3, NULL);
INSERT INTO games(id, chat_id, season_id, status, difficulty, mode, usdoku_code, reminded, deleted, created_by, created_at, completed_at) VALUES(-53, (SELECT chat_id FROM chats LIMIT 1), -3, 'completed', 'medium', NULL, 'GPMK', 1, 0, NULL, '2025-12-13 07:00:00', '2025-12-13 07:00:00');
INSERT INTO game_results(game_id, player_id, rank, points, duration_secs) VALUES(-53, (SELECT id FROM players WHERE chat_id=(SELECT chat_id FROM chats LIMIT 1) AND name='Joe Rude'), 1, 3, NULL);
INSERT INTO game_results(game_id, player_id, rank, points, duration_secs) VALUES(-53, (SELECT id FROM players WHERE chat_id=(SELECT chat_id FROM chats LIMIT 1) AND name='Nur'), 2, 1, NULL);
INSERT INTO game_results(game_id, player_id, rank, points, duration_secs) VALUES(-53, (SELECT id FROM players WHERE chat_id=(SELECT chat_id FROM chats LIMIT 1) AND name='mister'), 3, 0, NULL);
INSERT INTO games(id, chat_id, season_id, status, difficulty, mode, usdoku_code, reminded, deleted, created_by, created_at, completed_at) VALUES(-52, (SELECT chat_id FROM chats LIMIT 1), -3, 'completed', 'medium', NULL, NULL, 1, 0, NULL, '2025-12-13 07:03:00', '2025-12-13 07:03:00');
INSERT INTO game_results(game_id, player_id, rank, points, duration_secs) VALUES(-52, (SELECT id FROM players WHERE chat_id=(SELECT chat_id FROM chats LIMIT 1) AND name='mister'), 1, 3, NULL);
INSERT INTO game_results(game_id, player_id, rank, points, duration_secs) VALUES(-52, (SELECT id FROM players WHERE chat_id=(SELECT chat_id FROM chats LIMIT 1) AND name='Nur'), 2, 1, NULL);
INSERT INTO game_results(game_id, player_id, rank, points, duration_secs) VALUES(-52, (SELECT id FROM players WHERE chat_id=(SELECT chat_id FROM chats LIMIT 1) AND name='Joe Rude'), 3, 0, NULL);
INSERT INTO games(id, chat_id, season_id, status, difficulty, mode, usdoku_code, reminded, deleted, created_by, created_at, completed_at) VALUES(-51, (SELECT chat_id FROM chats LIMIT 1), -3, 'completed', 'medium', NULL, 'RSMX', 1, 0, NULL, '2025-12-13 07:06:00', '2025-12-13 07:06:00');
INSERT INTO game_results(game_id, player_id, rank, points, duration_secs) VALUES(-51, (SELECT id FROM players WHERE chat_id=(SELECT chat_id FROM chats LIMIT 1) AND name='Joe Rude'), 1, 3, NULL);
INSERT INTO game_results(game_id, player_id, rank, points, duration_secs) VALUES(-51, (SELECT id FROM players WHERE chat_id=(SELECT chat_id FROM chats LIMIT 1) AND name='Nur'), 2, 1, NULL);
INSERT INTO game_results(game_id, player_id, rank, points, duration_secs) VALUES(-51, (SELECT id FROM players WHERE chat_id=(SELECT chat_id FROM chats LIMIT 1) AND name='mister'), 3, 0, NULL);
INSERT INTO games(id, chat_id, season_id, status, difficulty, mode, usdoku_code, reminded, deleted, created_by, created_at, completed_at) VALUES(-50, (SELECT chat_id FROM chats LIMIT 1), -3, 'completed', 'medium', NULL, 'ZCGN', 1, 0, NULL, '2025-12-13 07:09:00', '2025-12-13 07:09:00');
INSERT INTO game_results(game_id, player_id, rank, points, duration_secs) VALUES(-50, (SELECT id FROM players WHERE chat_id=(SELECT chat_id FROM chats LIMIT 1) AND name='Nur'), 1, 3, NULL);
INSERT INTO game_results(game_id, player_id, rank, points, duration_secs) VALUES(-50, (SELECT id FROM players WHERE chat_id=(SELECT chat_id FROM chats LIMIT 1) AND name='mister'), 2, 1, NULL);
INSERT INTO game_results(game_id, player_id, rank, points, duration_secs) VALUES(-50, (SELECT id FROM players WHERE chat_id=(SELECT chat_id FROM chats LIMIT 1) AND name='Joe Rude'), 3, 0, NULL);
INSERT INTO games(id, chat_id, season_id, status, difficulty, mode, usdoku_code, reminded, deleted, created_by, created_at, completed_at) VALUES(-49, (SELECT chat_id FROM chats LIMIT 1), -3, 'completed', 'medium', NULL, NULL, 1, 0, NULL, '2025-12-16 07:00:00', '2025-12-16 07:00:00');
INSERT INTO game_results(game_id, player_id, rank, points, duration_secs) VALUES(-49, (SELECT id FROM players WHERE chat_id=(SELECT chat_id FROM chats LIMIT 1) AND name='Nur'), 1, 3, NULL);
INSERT INTO game_results(game_id, player_id, rank, points, duration_secs) VALUES(-49, (SELECT id FROM players WHERE chat_id=(SELECT chat_id FROM chats LIMIT 1) AND name='mister'), 2, 1, NULL);
INSERT INTO game_results(game_id, player_id, rank, points, duration_secs) VALUES(-49, (SELECT id FROM players WHERE chat_id=(SELECT chat_id FROM chats LIMIT 1) AND name='Joe Rude'), 3, 0, NULL);
INSERT INTO games(id, chat_id, season_id, status, difficulty, mode, usdoku_code, reminded, deleted, created_by, created_at, completed_at) VALUES(-48, (SELECT chat_id FROM chats LIMIT 1), -3, 'completed', 'medium', NULL, NULL, 1, 0, NULL, '2025-12-16 07:03:00', '2025-12-16 07:03:00');
INSERT INTO game_results(game_id, player_id, rank, points, duration_secs) VALUES(-48, (SELECT id FROM players WHERE chat_id=(SELECT chat_id FROM chats LIMIT 1) AND name='Joe Rude'), 1, 3, NULL);
INSERT INTO games(id, chat_id, season_id, status, difficulty, mode, usdoku_code, reminded, deleted, created_by, created_at, completed_at) VALUES(-47, (SELECT chat_id FROM chats LIMIT 1), -3, 'completed', 'medium', NULL, NULL, 1, 0, NULL, '2025-12-16 07:06:00', '2025-12-16 07:06:00');
INSERT INTO game_results(game_id, player_id, rank, points, duration_secs) VALUES(-47, (SELECT id FROM players WHERE chat_id=(SELECT chat_id FROM chats LIMIT 1) AND name='mister'), 1, 3, NULL);
INSERT INTO game_results(game_id, player_id, rank, points, duration_secs) VALUES(-47, (SELECT id FROM players WHERE chat_id=(SELECT chat_id FROM chats LIMIT 1) AND name='Joe Rude'), 2, 1, NULL);
INSERT INTO game_results(game_id, player_id, rank, points, duration_secs) VALUES(-47, (SELECT id FROM players WHERE chat_id=(SELECT chat_id FROM chats LIMIT 1) AND name='Nur'), 3, 0, NULL);
INSERT INTO games(id, chat_id, season_id, status, difficulty, mode, usdoku_code, reminded, deleted, created_by, created_at, completed_at) VALUES(-46, (SELECT chat_id FROM chats LIMIT 1), -3, 'completed', 'medium', NULL, NULL, 1, 0, NULL, '2025-12-16 07:09:00', '2025-12-16 07:09:00');
INSERT INTO game_results(game_id, player_id, rank, points, duration_secs) VALUES(-46, (SELECT id FROM players WHERE chat_id=(SELECT chat_id FROM chats LIMIT 1) AND name='mister'), 1, 3, NULL);
INSERT INTO game_results(game_id, player_id, rank, points, duration_secs) VALUES(-46, (SELECT id FROM players WHERE chat_id=(SELECT chat_id FROM chats LIMIT 1) AND name='Nur'), 2, 1, NULL);
INSERT INTO game_results(game_id, player_id, rank, points, duration_secs) VALUES(-46, (SELECT id FROM players WHERE chat_id=(SELECT chat_id FROM chats LIMIT 1) AND name='Joe Rude'), 3, 0, NULL);
INSERT INTO games(id, chat_id, season_id, status, difficulty, mode, usdoku_code, reminded, deleted, created_by, created_at, completed_at) VALUES(-45, (SELECT chat_id FROM chats LIMIT 1), -3, 'completed', 'medium', NULL, NULL, 1, 0, NULL, '2025-12-16 07:12:00', '2025-12-16 07:12:00');
INSERT INTO game_results(game_id, player_id, rank, points, duration_secs) VALUES(-45, (SELECT id FROM players WHERE chat_id=(SELECT chat_id FROM chats LIMIT 1) AND name='Joe Rude'), 1, 3, NULL);
INSERT INTO games(id, chat_id, season_id, status, difficulty, mode, usdoku_code, reminded, deleted, created_by, created_at, completed_at) VALUES(-44, (SELECT chat_id FROM chats LIMIT 1), -3, 'completed', 'medium', NULL, 'XYSG', 1, 0, NULL, '2025-12-17 07:00:00', '2025-12-17 07:00:00');
INSERT INTO game_results(game_id, player_id, rank, points, duration_secs) VALUES(-44, (SELECT id FROM players WHERE chat_id=(SELECT chat_id FROM chats LIMIT 1) AND name='Nur'), 1, 3, NULL);
INSERT INTO game_results(game_id, player_id, rank, points, duration_secs) VALUES(-44, (SELECT id FROM players WHERE chat_id=(SELECT chat_id FROM chats LIMIT 1) AND name='Joe Rude'), 2, 1, NULL);
INSERT INTO game_results(game_id, player_id, rank, points, duration_secs) VALUES(-44, (SELECT id FROM players WHERE chat_id=(SELECT chat_id FROM chats LIMIT 1) AND name='mister'), 3, 0, NULL);
INSERT INTO games(id, chat_id, season_id, status, difficulty, mode, usdoku_code, reminded, deleted, created_by, created_at, completed_at) VALUES(-43, (SELECT chat_id FROM chats LIMIT 1), -3, 'completed', 'medium', NULL, 'MRRO', 1, 0, NULL, '2025-12-17 07:03:00', '2025-12-17 07:03:00');
INSERT INTO game_results(game_id, player_id, rank, points, duration_secs) VALUES(-43, (SELECT id FROM players WHERE chat_id=(SELECT chat_id FROM chats LIMIT 1) AND name='mister'), 1, 3, NULL);
INSERT INTO game_results(game_id, player_id, rank, points, duration_secs) VALUES(-43, (SELECT id FROM players WHERE chat_id=(SELECT chat_id FROM chats LIMIT 1) AND name='Nur'), 2, 1, NULL);
INSERT INTO games(id, chat_id, season_id, status, difficulty, mode, usdoku_code, reminded, deleted, created_by, created_at, completed_at) VALUES(-42, (SELECT chat_id FROM chats LIMIT 1), -3, 'completed', 'medium', NULL, 'VWNF', 1, 0, NULL, '2025-12-17 07:06:00', '2025-12-17 07:06:00');
INSERT INTO game_results(game_id, player_id, rank, points, duration_secs) VALUES(-42, (SELECT id FROM players WHERE chat_id=(SELECT chat_id FROM chats LIMIT 1) AND name='Joe Rude'), 1, 3, NULL);
INSERT INTO games(id, chat_id, season_id, status, difficulty, mode, usdoku_code, reminded, deleted, created_by, created_at, completed_at) VALUES(-41, (SELECT chat_id FROM chats LIMIT 1), -3, 'completed', 'medium', NULL, 'OMUR', 1, 0, NULL, '2025-12-18 07:00:00', '2025-12-18 07:00:00');
INSERT INTO game_results(game_id, player_id, rank, points, duration_secs) VALUES(-41, (SELECT id FROM players WHERE chat_id=(SELECT chat_id FROM chats LIMIT 1) AND name='mister'), 1, 3, NULL);
INSERT INTO games(id, chat_id, season_id, status, difficulty, mode, usdoku_code, reminded, deleted, created_by, created_at, completed_at) VALUES(-40, (SELECT chat_id FROM chats LIMIT 1), -3, 'completed', 'medium', NULL, 'ANHT', 1, 0, NULL, '2025-12-18 07:03:00', '2025-12-18 07:03:00');
INSERT INTO game_results(game_id, player_id, rank, points, duration_secs) VALUES(-40, (SELECT id FROM players WHERE chat_id=(SELECT chat_id FROM chats LIMIT 1) AND name='Joe Rude'), 1, 3, NULL);
INSERT INTO games(id, chat_id, season_id, status, difficulty, mode, usdoku_code, reminded, deleted, created_by, created_at, completed_at) VALUES(-39, (SELECT chat_id FROM chats LIMIT 1), -3, 'completed', 'medium', NULL, 'HBHL', 1, 0, NULL, '2025-12-18 07:06:00', '2025-12-18 07:06:00');
INSERT INTO game_results(game_id, player_id, rank, points, duration_secs) VALUES(-39, (SELECT id FROM players WHERE chat_id=(SELECT chat_id FROM chats LIMIT 1) AND name='mister'), 1, 3, NULL);
INSERT INTO games(id, chat_id, season_id, status, difficulty, mode, usdoku_code, reminded, deleted, created_by, created_at, completed_at) VALUES(-38, (SELECT chat_id FROM chats LIMIT 1), -3, 'completed', 'medium', NULL, 'QHDJ', 1, 0, NULL, '2025-12-19 07:00:00', '2025-12-19 07:00:00');
INSERT INTO game_results(game_id, player_id, rank, points, duration_secs) VALUES(-38, (SELECT id FROM players WHERE chat_id=(SELECT chat_id FROM chats LIMIT 1) AND name='Nur'), 1, 3, NULL);
INSERT INTO game_results(game_id, player_id, rank, points, duration_secs) VALUES(-38, (SELECT id FROM players WHERE chat_id=(SELECT chat_id FROM chats LIMIT 1) AND name='Joe Rude'), 2, 1, NULL);
INSERT INTO game_results(game_id, player_id, rank, points, duration_secs) VALUES(-38, (SELECT id FROM players WHERE chat_id=(SELECT chat_id FROM chats LIMIT 1) AND name='mister'), 3, 0, NULL);
INSERT INTO games(id, chat_id, season_id, status, difficulty, mode, usdoku_code, reminded, deleted, created_by, created_at, completed_at) VALUES(-37, (SELECT chat_id FROM chats LIMIT 1), -3, 'completed', 'medium', NULL, 'OUQM', 1, 0, NULL, '2025-12-20 07:00:00', '2025-12-20 07:00:00');
INSERT INTO game_results(game_id, player_id, rank, points, duration_secs) VALUES(-37, (SELECT id FROM players WHERE chat_id=(SELECT chat_id FROM chats LIMIT 1) AND name='mister'), 1, 3, NULL);
INSERT INTO game_results(game_id, player_id, rank, points, duration_secs) VALUES(-37, (SELECT id FROM players WHERE chat_id=(SELECT chat_id FROM chats LIMIT 1) AND name='Nur'), 2, 1, NULL);
INSERT INTO game_results(game_id, player_id, rank, points, duration_secs) VALUES(-37, (SELECT id FROM players WHERE chat_id=(SELECT chat_id FROM chats LIMIT 1) AND name='Joe Rude'), 3, 0, NULL);
INSERT INTO games(id, chat_id, season_id, status, difficulty, mode, usdoku_code, reminded, deleted, created_by, created_at, completed_at) VALUES(-36, (SELECT chat_id FROM chats LIMIT 1), -3, 'completed', 'medium', NULL, NULL, 1, 0, NULL, '2025-12-20 07:03:00', '2025-12-20 07:03:00');
INSERT INTO game_results(game_id, player_id, rank, points, duration_secs) VALUES(-36, (SELECT id FROM players WHERE chat_id=(SELECT chat_id FROM chats LIMIT 1) AND name='mister'), 1, 3, NULL);
INSERT INTO game_results(game_id, player_id, rank, points, duration_secs) VALUES(-36, (SELECT id FROM players WHERE chat_id=(SELECT chat_id FROM chats LIMIT 1) AND name='Nur'), 2, 1, NULL);
INSERT INTO game_results(game_id, player_id, rank, points, duration_secs) VALUES(-36, (SELECT id FROM players WHERE chat_id=(SELECT chat_id FROM chats LIMIT 1) AND name='Joe Rude'), 3, 0, NULL);
INSERT INTO games(id, chat_id, season_id, status, difficulty, mode, usdoku_code, reminded, deleted, created_by, created_at, completed_at) VALUES(-35, (SELECT chat_id FROM chats LIMIT 1), -3, 'completed', 'medium', NULL, 'BSFN', 1, 0, NULL, '2025-12-21 07:00:00', '2025-12-21 07:00:00');
INSERT INTO game_results(game_id, player_id, rank, points, duration_secs) VALUES(-35, (SELECT id FROM players WHERE chat_id=(SELECT chat_id FROM chats LIMIT 1) AND name='Joe Rude'), 1, 3, NULL);
INSERT INTO game_results(game_id, player_id, rank, points, duration_secs) VALUES(-35, (SELECT id FROM players WHERE chat_id=(SELECT chat_id FROM chats LIMIT 1) AND name='mister'), 2, 1, NULL);
INSERT INTO game_results(game_id, player_id, rank, points, duration_secs) VALUES(-35, (SELECT id FROM players WHERE chat_id=(SELECT chat_id FROM chats LIMIT 1) AND name='Nur'), 3, 0, NULL);
INSERT INTO games(id, chat_id, season_id, status, difficulty, mode, usdoku_code, reminded, deleted, created_by, created_at, completed_at) VALUES(-34, (SELECT chat_id FROM chats LIMIT 1), -3, 'completed', 'medium', NULL, NULL, 1, 0, NULL, '2025-12-21 07:03:00', '2025-12-21 07:03:00');
INSERT INTO game_results(game_id, player_id, rank, points, duration_secs) VALUES(-34, (SELECT id FROM players WHERE chat_id=(SELECT chat_id FROM chats LIMIT 1) AND name='Nur'), 1, 3, NULL);
INSERT INTO game_results(game_id, player_id, rank, points, duration_secs) VALUES(-34, (SELECT id FROM players WHERE chat_id=(SELECT chat_id FROM chats LIMIT 1) AND name='mister'), 2, 1, NULL);
INSERT INTO game_results(game_id, player_id, rank, points, duration_secs) VALUES(-34, (SELECT id FROM players WHERE chat_id=(SELECT chat_id FROM chats LIMIT 1) AND name='Joe Rude'), 3, 0, NULL);
INSERT INTO games(id, chat_id, season_id, status, difficulty, mode, usdoku_code, reminded, deleted, created_by, created_at, completed_at) VALUES(-33, (SELECT chat_id FROM chats LIMIT 1), -3, 'completed', 'medium', NULL, 'AYUU', 1, 0, NULL, '2025-12-21 07:06:00', '2025-12-21 07:06:00');
INSERT INTO game_results(game_id, player_id, rank, points, duration_secs) VALUES(-33, (SELECT id FROM players WHERE chat_id=(SELECT chat_id FROM chats LIMIT 1) AND name='mister'), 1, 3, NULL);
INSERT INTO game_results(game_id, player_id, rank, points, duration_secs) VALUES(-33, (SELECT id FROM players WHERE chat_id=(SELECT chat_id FROM chats LIMIT 1) AND name='Nur'), 2, 1, NULL);
INSERT INTO game_results(game_id, player_id, rank, points, duration_secs) VALUES(-33, (SELECT id FROM players WHERE chat_id=(SELECT chat_id FROM chats LIMIT 1) AND name='Joe Rude'), 3, 0, NULL);
INSERT INTO games(id, chat_id, season_id, status, difficulty, mode, usdoku_code, reminded, deleted, created_by, created_at, completed_at) VALUES(-32, (SELECT chat_id FROM chats LIMIT 1), -3, 'completed', 'medium', NULL, 'NUEG', 1, 0, NULL, '2025-12-21 07:09:00', '2025-12-21 07:09:00');
INSERT INTO game_results(game_id, player_id, rank, points, duration_secs) VALUES(-32, (SELECT id FROM players WHERE chat_id=(SELECT chat_id FROM chats LIMIT 1) AND name='Nur'), 1, 3, NULL);
INSERT INTO game_results(game_id, player_id, rank, points, duration_secs) VALUES(-32, (SELECT id FROM players WHERE chat_id=(SELECT chat_id FROM chats LIMIT 1) AND name='Joe Rude'), 2, 1, NULL);
INSERT INTO game_results(game_id, player_id, rank, points, duration_secs) VALUES(-32, (SELECT id FROM players WHERE chat_id=(SELECT chat_id FROM chats LIMIT 1) AND name='mister'), 3, 0, NULL);
INSERT INTO games(id, chat_id, season_id, status, difficulty, mode, usdoku_code, reminded, deleted, created_by, created_at, completed_at) VALUES(-31, (SELECT chat_id FROM chats LIMIT 1), -3, 'completed', 'medium', NULL, 'UXOG', 1, 0, NULL, '2025-12-23 07:00:00', '2025-12-23 07:00:00');
INSERT INTO game_results(game_id, player_id, rank, points, duration_secs) VALUES(-31, (SELECT id FROM players WHERE chat_id=(SELECT chat_id FROM chats LIMIT 1) AND name='Nur'), 1, 3, NULL);
INSERT INTO games(id, chat_id, season_id, status, difficulty, mode, usdoku_code, reminded, deleted, created_by, created_at, completed_at) VALUES(-30, (SELECT chat_id FROM chats LIMIT 1), -3, 'completed', 'medium', NULL, 'NFDP', 1, 0, NULL, '2025-12-23 07:03:00', '2025-12-23 07:03:00');
INSERT INTO game_results(game_id, player_id, rank, points, duration_secs) VALUES(-30, (SELECT id FROM players WHERE chat_id=(SELECT chat_id FROM chats LIMIT 1) AND name='mister'), 1, 3, NULL);
INSERT INTO game_results(game_id, player_id, rank, points, duration_secs) VALUES(-30, (SELECT id FROM players WHERE chat_id=(SELECT chat_id FROM chats LIMIT 1) AND name='Joe Rude'), 2, 1, NULL);
INSERT INTO game_results(game_id, player_id, rank, points, duration_secs) VALUES(-30, (SELECT id FROM players WHERE chat_id=(SELECT chat_id FROM chats LIMIT 1) AND name='Nur'), 3, 0, NULL);
INSERT INTO games(id, chat_id, season_id, status, difficulty, mode, usdoku_code, reminded, deleted, created_by, created_at, completed_at) VALUES(-29, (SELECT chat_id FROM chats LIMIT 1), -3, 'completed', 'medium', NULL, 'DINY', 1, 0, NULL, '2025-12-23 07:06:00', '2025-12-23 07:06:00');
INSERT INTO game_results(game_id, player_id, rank, points, duration_secs) VALUES(-29, (SELECT id FROM players WHERE chat_id=(SELECT chat_id FROM chats LIMIT 1) AND name='Joe Rude'), 1, 3, NULL);
INSERT INTO games(id, chat_id, season_id, status, difficulty, mode, usdoku_code, reminded, deleted, created_by, created_at, completed_at) VALUES(-28, (SELECT chat_id FROM chats LIMIT 1), -3, 'completed', 'medium', NULL, NULL, 1, 0, NULL, '2025-12-23 07:09:00', '2025-12-23 07:09:00');
INSERT INTO game_results(game_id, player_id, rank, points, duration_secs) VALUES(-28, (SELECT id FROM players WHERE chat_id=(SELECT chat_id FROM chats LIMIT 1) AND name='Joe Rude'), 1, 3, NULL);
INSERT INTO game_results(game_id, player_id, rank, points, duration_secs) VALUES(-28, (SELECT id FROM players WHERE chat_id=(SELECT chat_id FROM chats LIMIT 1) AND name='Nur'), 2, 1, NULL);
INSERT INTO game_results(game_id, player_id, rank, points, duration_secs) VALUES(-28, (SELECT id FROM players WHERE chat_id=(SELECT chat_id FROM chats LIMIT 1) AND name='mister'), 3, 0, NULL);
INSERT INTO games(id, chat_id, season_id, status, difficulty, mode, usdoku_code, reminded, deleted, created_by, created_at, completed_at) VALUES(-27, (SELECT chat_id FROM chats LIMIT 1), -3, 'completed', 'medium', NULL, 'LWTG', 1, 0, NULL, '2025-12-24 07:00:00', '2025-12-24 07:00:00');
INSERT INTO game_results(game_id, player_id, rank, points, duration_secs) VALUES(-27, (SELECT id FROM players WHERE chat_id=(SELECT chat_id FROM chats LIMIT 1) AND name='mister'), 1, 3, NULL);
INSERT INTO games(id, chat_id, season_id, status, difficulty, mode, usdoku_code, reminded, deleted, created_by, created_at, completed_at) VALUES(-26, (SELECT chat_id FROM chats LIMIT 1), -3, 'completed', 'medium', NULL, 'CUGP', 1, 0, NULL, '2025-12-24 07:03:00', '2025-12-24 07:03:00');
INSERT INTO game_results(game_id, player_id, rank, points, duration_secs) VALUES(-26, (SELECT id FROM players WHERE chat_id=(SELECT chat_id FROM chats LIMIT 1) AND name='Joe Rude'), 1, 3, NULL);
INSERT INTO games(id, chat_id, season_id, status, difficulty, mode, usdoku_code, reminded, deleted, created_by, created_at, completed_at) VALUES(-25, (SELECT chat_id FROM chats LIMIT 1), -3, 'completed', 'medium', NULL, 'HVHL', 1, 0, NULL, '2025-12-24 07:06:00', '2025-12-24 07:06:00');
INSERT INTO game_results(game_id, player_id, rank, points, duration_secs) VALUES(-25, (SELECT id FROM players WHERE chat_id=(SELECT chat_id FROM chats LIMIT 1) AND name='mister'), 1, 3, NULL);
INSERT INTO game_results(game_id, player_id, rank, points, duration_secs) VALUES(-25, (SELECT id FROM players WHERE chat_id=(SELECT chat_id FROM chats LIMIT 1) AND name='Nur'), 2, 1, NULL);
INSERT INTO games(id, chat_id, season_id, status, difficulty, mode, usdoku_code, reminded, deleted, created_by, created_at, completed_at) VALUES(-24, (SELECT chat_id FROM chats LIMIT 1), -3, 'completed', 'medium', NULL, 'OOMO', 1, 0, NULL, '2025-12-25 07:00:00', '2025-12-25 07:00:00');
INSERT INTO game_results(game_id, player_id, rank, points, duration_secs) VALUES(-24, (SELECT id FROM players WHERE chat_id=(SELECT chat_id FROM chats LIMIT 1) AND name='Nur'), 1, 3, NULL);
INSERT INTO games(id, chat_id, season_id, status, difficulty, mode, usdoku_code, reminded, deleted, created_by, created_at, completed_at) VALUES(-23, (SELECT chat_id FROM chats LIMIT 1), -3, 'completed', 'medium', NULL, NULL, 1, 0, NULL, '2025-12-25 07:03:00', '2025-12-25 07:03:00');
INSERT INTO game_results(game_id, player_id, rank, points, duration_secs) VALUES(-23, (SELECT id FROM players WHERE chat_id=(SELECT chat_id FROM chats LIMIT 1) AND name='Nur'), 1, 3, NULL);
INSERT INTO game_results(game_id, player_id, rank, points, duration_secs) VALUES(-23, (SELECT id FROM players WHERE chat_id=(SELECT chat_id FROM chats LIMIT 1) AND name='mister'), 2, 1, NULL);
INSERT INTO games(id, chat_id, season_id, status, difficulty, mode, usdoku_code, reminded, deleted, created_by, created_at, completed_at) VALUES(-22, (SELECT chat_id FROM chats LIMIT 1), -3, 'completed', 'medium', NULL, 'ZGMN', 1, 0, NULL, '2025-12-26 07:00:00', '2025-12-26 07:00:00');
INSERT INTO game_results(game_id, player_id, rank, points, duration_secs) VALUES(-22, (SELECT id FROM players WHERE chat_id=(SELECT chat_id FROM chats LIMIT 1) AND name='Nur'), 1, 3, NULL);
INSERT INTO games(id, chat_id, season_id, status, difficulty, mode, usdoku_code, reminded, deleted, created_by, created_at, completed_at) VALUES(-21, (SELECT chat_id FROM chats LIMIT 1), -3, 'completed', 'medium', NULL, 'FWEX', 1, 0, NULL, '2025-12-26 07:03:00', '2025-12-26 07:03:00');
INSERT INTO game_results(game_id, player_id, rank, points, duration_secs) VALUES(-21, (SELECT id FROM players WHERE chat_id=(SELECT chat_id FROM chats LIMIT 1) AND name='Joe Rude'), 1, 3, NULL);
INSERT INTO game_results(game_id, player_id, rank, points, duration_secs) VALUES(-21, (SELECT id FROM players WHERE chat_id=(SELECT chat_id FROM chats LIMIT 1) AND name='Nur'), 2, 1, NULL);
INSERT INTO game_results(game_id, player_id, rank, points, duration_secs) VALUES(-21, (SELECT id FROM players WHERE chat_id=(SELECT chat_id FROM chats LIMIT 1) AND name='mister'), 3, 0, NULL);
INSERT INTO games(id, chat_id, season_id, status, difficulty, mode, usdoku_code, reminded, deleted, created_by, created_at, completed_at) VALUES(-20, (SELECT chat_id FROM chats LIMIT 1), -3, 'completed', 'medium', NULL, NULL, 1, 0, NULL, '2025-12-26 07:06:00', '2025-12-26 07:06:00');
INSERT INTO game_results(game_id, player_id, rank, points, duration_secs) VALUES(-20, (SELECT id FROM players WHERE chat_id=(SELECT chat_id FROM chats LIMIT 1) AND name='Nur'), 1, 3, NULL);
INSERT INTO games(id, chat_id, season_id, status, difficulty, mode, usdoku_code, reminded, deleted, created_by, created_at, completed_at) VALUES(-19, (SELECT chat_id FROM chats LIMIT 1), -3, 'completed', 'medium', NULL, 'SGZP', 1, 0, NULL, '2025-12-29 07:00:00', '2025-12-29 07:00:00');
INSERT INTO game_results(game_id, player_id, rank, points, duration_secs) VALUES(-19, (SELECT id FROM players WHERE chat_id=(SELECT chat_id FROM chats LIMIT 1) AND name='Nur'), 1, 3, NULL);
INSERT INTO game_results(game_id, player_id, rank, points, duration_secs) VALUES(-19, (SELECT id FROM players WHERE chat_id=(SELECT chat_id FROM chats LIMIT 1) AND name='Joe Rude'), 2, 1, NULL);
INSERT INTO game_results(game_id, player_id, rank, points, duration_secs) VALUES(-19, (SELECT id FROM players WHERE chat_id=(SELECT chat_id FROM chats LIMIT 1) AND name='mister'), 3, 0, NULL);
INSERT INTO games(id, chat_id, season_id, status, difficulty, mode, usdoku_code, reminded, deleted, created_by, created_at, completed_at) VALUES(-18, (SELECT chat_id FROM chats LIMIT 1), -3, 'completed', 'medium', NULL, NULL, 1, 0, NULL, '2025-12-29 07:03:00', '2025-12-29 07:03:00');
INSERT INTO game_results(game_id, player_id, rank, points, duration_secs) VALUES(-18, (SELECT id FROM players WHERE chat_id=(SELECT chat_id FROM chats LIMIT 1) AND name='mister'), 1, 3, NULL);
INSERT INTO game_results(game_id, player_id, rank, points, duration_secs) VALUES(-18, (SELECT id FROM players WHERE chat_id=(SELECT chat_id FROM chats LIMIT 1) AND name='Nur'), 2, 1, NULL);
INSERT INTO game_results(game_id, player_id, rank, points, duration_secs) VALUES(-18, (SELECT id FROM players WHERE chat_id=(SELECT chat_id FROM chats LIMIT 1) AND name='Joe Rude'), 3, 0, NULL);
INSERT INTO games(id, chat_id, season_id, status, difficulty, mode, usdoku_code, reminded, deleted, created_by, created_at, completed_at) VALUES(-17, (SELECT chat_id FROM chats LIMIT 1), -3, 'completed', 'medium', NULL, NULL, 1, 0, NULL, '2025-12-29 07:06:00', '2025-12-29 07:06:00');
INSERT INTO game_results(game_id, player_id, rank, points, duration_secs) VALUES(-17, (SELECT id FROM players WHERE chat_id=(SELECT chat_id FROM chats LIMIT 1) AND name='Joe Rude'), 1, 3, NULL);
INSERT INTO game_results(game_id, player_id, rank, points, duration_secs) VALUES(-17, (SELECT id FROM players WHERE chat_id=(SELECT chat_id FROM chats LIMIT 1) AND name='mister'), 2, 1, NULL);
INSERT INTO game_results(game_id, player_id, rank, points, duration_secs) VALUES(-17, (SELECT id FROM players WHERE chat_id=(SELECT chat_id FROM chats LIMIT 1) AND name='Nur'), 3, 0, NULL);
INSERT INTO games(id, chat_id, season_id, status, difficulty, mode, usdoku_code, reminded, deleted, created_by, created_at, completed_at) VALUES(-16, (SELECT chat_id FROM chats LIMIT 1), -3, 'completed', 'medium', NULL, 'DVSN', 1, 0, NULL, '2025-12-29 07:09:00', '2025-12-29 07:09:00');
INSERT INTO game_results(game_id, player_id, rank, points, duration_secs) VALUES(-16, (SELECT id FROM players WHERE chat_id=(SELECT chat_id FROM chats LIMIT 1) AND name='mister'), 1, 3, NULL);
INSERT INTO game_results(game_id, player_id, rank, points, duration_secs) VALUES(-16, (SELECT id FROM players WHERE chat_id=(SELECT chat_id FROM chats LIMIT 1) AND name='Joe Rude'), 2, 1, NULL);
INSERT INTO game_results(game_id, player_id, rank, points, duration_secs) VALUES(-16, (SELECT id FROM players WHERE chat_id=(SELECT chat_id FROM chats LIMIT 1) AND name='Nur'), 3, 0, NULL);
INSERT INTO games(id, chat_id, season_id, status, difficulty, mode, usdoku_code, reminded, deleted, created_by, created_at, completed_at) VALUES(-15, (SELECT chat_id FROM chats LIMIT 1), -3, 'completed', 'medium', NULL, 'EZOL', 1, 0, NULL, '2025-12-29 07:12:00', '2025-12-29 07:12:00');
INSERT INTO game_results(game_id, player_id, rank, points, duration_secs) VALUES(-15, (SELECT id FROM players WHERE chat_id=(SELECT chat_id FROM chats LIMIT 1) AND name='mister'), 1, 3, NULL);
INSERT INTO game_results(game_id, player_id, rank, points, duration_secs) VALUES(-15, (SELECT id FROM players WHERE chat_id=(SELECT chat_id FROM chats LIMIT 1) AND name='Nur'), 2, 1, NULL);
INSERT INTO game_results(game_id, player_id, rank, points, duration_secs) VALUES(-15, (SELECT id FROM players WHERE chat_id=(SELECT chat_id FROM chats LIMIT 1) AND name='Joe Rude'), 3, 0, NULL);
INSERT INTO games(id, chat_id, season_id, status, difficulty, mode, usdoku_code, reminded, deleted, created_by, created_at, completed_at) VALUES(-14, (SELECT chat_id FROM chats LIMIT 1), -3, 'completed', 'medium', NULL, 'AGTE', 1, 0, NULL, '2025-12-30 07:00:00', '2025-12-30 07:00:00');
INSERT INTO game_results(game_id, player_id, rank, points, duration_secs) VALUES(-14, (SELECT id FROM players WHERE chat_id=(SELECT chat_id FROM chats LIMIT 1) AND name='mister'), 1, 3, NULL);
INSERT INTO game_results(game_id, player_id, rank, points, duration_secs) VALUES(-14, (SELECT id FROM players WHERE chat_id=(SELECT chat_id FROM chats LIMIT 1) AND name='Nur'), 2, 1, NULL);
INSERT INTO game_results(game_id, player_id, rank, points, duration_secs) VALUES(-14, (SELECT id FROM players WHERE chat_id=(SELECT chat_id FROM chats LIMIT 1) AND name='Joe Rude'), 3, 0, NULL);
INSERT INTO games(id, chat_id, season_id, status, difficulty, mode, usdoku_code, reminded, deleted, created_by, created_at, completed_at) VALUES(-13, (SELECT chat_id FROM chats LIMIT 1), -3, 'completed', 'medium', NULL, 'UCIL', 1, 0, NULL, '2025-12-30 07:03:00', '2025-12-30 07:03:00');
INSERT INTO game_results(game_id, player_id, rank, points, duration_secs) VALUES(-13, (SELECT id FROM players WHERE chat_id=(SELECT chat_id FROM chats LIMIT 1) AND name='mister'), 1, 3, NULL);
INSERT INTO game_results(game_id, player_id, rank, points, duration_secs) VALUES(-13, (SELECT id FROM players WHERE chat_id=(SELECT chat_id FROM chats LIMIT 1) AND name='Joe Rude'), 2, 1, NULL);
INSERT INTO game_results(game_id, player_id, rank, points, duration_secs) VALUES(-13, (SELECT id FROM players WHERE chat_id=(SELECT chat_id FROM chats LIMIT 1) AND name='Nur'), 3, 0, NULL);
INSERT INTO games(id, chat_id, season_id, status, difficulty, mode, usdoku_code, reminded, deleted, created_by, created_at, completed_at) VALUES(-12, (SELECT chat_id FROM chats LIMIT 1), -3, 'completed', 'medium', NULL, 'VZBY', 1, 0, NULL, '2025-12-30 07:06:00', '2025-12-30 07:06:00');
INSERT INTO game_results(game_id, player_id, rank, points, duration_secs) VALUES(-12, (SELECT id FROM players WHERE chat_id=(SELECT chat_id FROM chats LIMIT 1) AND name='Joe Rude'), 1, 3, NULL);
INSERT INTO games(id, chat_id, season_id, status, difficulty, mode, usdoku_code, reminded, deleted, created_by, created_at, completed_at) VALUES(-11, (SELECT chat_id FROM chats LIMIT 1), -3, 'completed', 'medium', NULL, 'DVOK', 1, 0, NULL, '2025-12-30 07:09:00', '2025-12-30 07:09:00');
INSERT INTO game_results(game_id, player_id, rank, points, duration_secs) VALUES(-11, (SELECT id FROM players WHERE chat_id=(SELECT chat_id FROM chats LIMIT 1) AND name='Joe Rude'), 1, 3, NULL);
INSERT INTO game_results(game_id, player_id, rank, points, duration_secs) VALUES(-11, (SELECT id FROM players WHERE chat_id=(SELECT chat_id FROM chats LIMIT 1) AND name='mister'), 2, 1, NULL);
INSERT INTO game_results(game_id, player_id, rank, points, duration_secs) VALUES(-11, (SELECT id FROM players WHERE chat_id=(SELECT chat_id FROM chats LIMIT 1) AND name='Nur'), 3, 0, NULL);
INSERT INTO games(id, chat_id, season_id, status, difficulty, mode, usdoku_code, reminded, deleted, created_by, created_at, completed_at) VALUES(-10, (SELECT chat_id FROM chats LIMIT 1), -3, 'completed', 'medium', NULL, 'PZCU', 1, 0, NULL, '2025-12-30 07:12:00', '2025-12-30 07:12:00');
INSERT INTO game_results(game_id, player_id, rank, points, duration_secs) VALUES(-10, (SELECT id FROM players WHERE chat_id=(SELECT chat_id FROM chats LIMIT 1) AND name='Joe Rude'), 1, 3, NULL);
INSERT INTO game_results(game_id, player_id, rank, points, duration_secs) VALUES(-10, (SELECT id FROM players WHERE chat_id=(SELECT chat_id FROM chats LIMIT 1) AND name='mister'), 2, 1, NULL);
INSERT INTO game_results(game_id, player_id, rank, points, duration_secs) VALUES(-10, (SELECT id FROM players WHERE chat_id=(SELECT chat_id FROM chats LIMIT 1) AND name='Nur'), 3, 0, NULL);
INSERT INTO games(id, chat_id, season_id, status, difficulty, mode, usdoku_code, reminded, deleted, created_by, created_at, completed_at) VALUES(-9, (SELECT chat_id FROM chats LIMIT 1), -3, 'completed', 'medium', NULL, 'PSER', 1, 0, NULL, '2025-12-30 07:15:00', '2025-12-30 07:15:00');
INSERT INTO game_results(game_id, player_id, rank, points, duration_secs) VALUES(-9, (SELECT id FROM players WHERE chat_id=(SELECT chat_id FROM chats LIMIT 1) AND name='Nur'), 1, 3, NULL);
INSERT INTO game_results(game_id, player_id, rank, points, duration_secs) VALUES(-9, (SELECT id FROM players WHERE chat_id=(SELECT chat_id FROM chats LIMIT 1) AND name='mister'), 2, 1, NULL);
INSERT INTO game_results(game_id, player_id, rank, points, duration_secs) VALUES(-9, (SELECT id FROM players WHERE chat_id=(SELECT chat_id FROM chats LIMIT 1) AND name='Joe Rude'), 3, 0, NULL);
INSERT INTO games(id, chat_id, season_id, status, difficulty, mode, usdoku_code, reminded, deleted, created_by, created_at, completed_at) VALUES(-8, (SELECT chat_id FROM chats LIMIT 1), -3, 'completed', 'medium', NULL, 'SXKH', 1, 0, NULL, '2025-12-30 07:18:00', '2025-12-30 07:18:00');
INSERT INTO game_results(game_id, player_id, rank, points, duration_secs) VALUES(-8, (SELECT id FROM players WHERE chat_id=(SELECT chat_id FROM chats LIMIT 1) AND name='Nur'), 1, 3, NULL);
INSERT INTO game_results(game_id, player_id, rank, points, duration_secs) VALUES(-8, (SELECT id FROM players WHERE chat_id=(SELECT chat_id FROM chats LIMIT 1) AND name='mister'), 2, 1, NULL);
INSERT INTO game_results(game_id, player_id, rank, points, duration_secs) VALUES(-8, (SELECT id FROM players WHERE chat_id=(SELECT chat_id FROM chats LIMIT 1) AND name='Joe Rude'), 3, 0, NULL);
INSERT INTO games(id, chat_id, season_id, status, difficulty, mode, usdoku_code, reminded, deleted, created_by, created_at, completed_at) VALUES(-7, (SELECT chat_id FROM chats LIMIT 1), -3, 'completed', 'medium', NULL, 'JAFC', 1, 0, NULL, '2025-12-30 07:21:00', '2025-12-30 07:21:00');
INSERT INTO game_results(game_id, player_id, rank, points, duration_secs) VALUES(-7, (SELECT id FROM players WHERE chat_id=(SELECT chat_id FROM chats LIMIT 1) AND name='Joe Rude'), 1, 3, NULL);
INSERT INTO game_results(game_id, player_id, rank, points, duration_secs) VALUES(-7, (SELECT id FROM players WHERE chat_id=(SELECT chat_id FROM chats LIMIT 1) AND name='Nur'), 2, 1, NULL);
INSERT INTO game_results(game_id, player_id, rank, points, duration_secs) VALUES(-7, (SELECT id FROM players WHERE chat_id=(SELECT chat_id FROM chats LIMIT 1) AND name='mister'), 3, 0, NULL);
INSERT INTO games(id, chat_id, season_id, status, difficulty, mode, usdoku_code, reminded, deleted, created_by, created_at, completed_at) VALUES(-6, (SELECT chat_id FROM chats LIMIT 1), -3, 'completed', 'medium', NULL, 'VQJJ', 1, 0, NULL, '2025-12-30 07:24:00', '2025-12-30 07:24:00');
INSERT INTO game_results(game_id, player_id, rank, points, duration_secs) VALUES(-6, (SELECT id FROM players WHERE chat_id=(SELECT chat_id FROM chats LIMIT 1) AND name='Nur'), 1, 3, NULL);
INSERT INTO game_results(game_id, player_id, rank, points, duration_secs) VALUES(-6, (SELECT id FROM players WHERE chat_id=(SELECT chat_id FROM chats LIMIT 1) AND name='Joe Rude'), 2, 1, NULL);
INSERT INTO game_results(game_id, player_id, rank, points, duration_secs) VALUES(-6, (SELECT id FROM players WHERE chat_id=(SELECT chat_id FROM chats LIMIT 1) AND name='mister'), 3, 0, NULL);
INSERT INTO games(id, chat_id, season_id, status, difficulty, mode, usdoku_code, reminded, deleted, created_by, created_at, completed_at) VALUES(-5, (SELECT chat_id FROM chats LIMIT 1), -3, 'completed', 'medium', NULL, 'VKNX', 1, 0, NULL, '2025-12-30 07:27:00', '2025-12-30 07:27:00');
INSERT INTO game_results(game_id, player_id, rank, points, duration_secs) VALUES(-5, (SELECT id FROM players WHERE chat_id=(SELECT chat_id FROM chats LIMIT 1) AND name='Joe Rude'), 1, 3, NULL);
INSERT INTO game_results(game_id, player_id, rank, points, duration_secs) VALUES(-5, (SELECT id FROM players WHERE chat_id=(SELECT chat_id FROM chats LIMIT 1) AND name='Nur'), 2, 1, NULL);
INSERT INTO games(id, chat_id, season_id, status, difficulty, mode, usdoku_code, reminded, deleted, created_by, created_at, completed_at) VALUES(-4, (SELECT chat_id FROM chats LIMIT 1), -3, 'completed', 'medium', NULL, 'UQCV', 1, 0, NULL, '2025-12-30 07:30:00', '2025-12-30 07:30:00');
INSERT INTO game_results(game_id, player_id, rank, points, duration_secs) VALUES(-4, (SELECT id FROM players WHERE chat_id=(SELECT chat_id FROM chats LIMIT 1) AND name='mister'), 1, 3, NULL);
INSERT INTO game_results(game_id, player_id, rank, points, duration_secs) VALUES(-4, (SELECT id FROM players WHERE chat_id=(SELECT chat_id FROM chats LIMIT 1) AND name='Nur'), 2, 1, NULL);
INSERT INTO games(id, chat_id, season_id, status, difficulty, mode, usdoku_code, reminded, deleted, created_by, created_at, completed_at) VALUES(-3, (SELECT chat_id FROM chats LIMIT 1), -3, 'completed', 'medium', NULL, NULL, 1, 0, NULL, '2026-01-05 07:00:00', '2026-01-05 07:00:00');
INSERT INTO game_results(game_id, player_id, rank, points, duration_secs) VALUES(-3, (SELECT id FROM players WHERE chat_id=(SELECT chat_id FROM chats LIMIT 1) AND name='Nur'), 1, 3, NULL);
INSERT INTO game_results(game_id, player_id, rank, points, duration_secs) VALUES(-3, (SELECT id FROM players WHERE chat_id=(SELECT chat_id FROM chats LIMIT 1) AND name='mister'), 2, 1, NULL);
INSERT INTO game_results(game_id, player_id, rank, points, duration_secs) VALUES(-3, (SELECT id FROM players WHERE chat_id=(SELECT chat_id FROM chats LIMIT 1) AND name='Joe Rude'), 3, 0, NULL);
INSERT INTO games(id, chat_id, season_id, status, difficulty, mode, usdoku_code, reminded, deleted, created_by, created_at, completed_at) VALUES(-2, (SELECT chat_id FROM chats LIMIT 1), -3, 'completed', 'medium', NULL, NULL, 1, 0, NULL, '2026-01-05 07:03:00', '2026-01-05 07:03:00');
INSERT INTO game_results(game_id, player_id, rank, points, duration_secs) VALUES(-2, (SELECT id FROM players WHERE chat_id=(SELECT chat_id FROM chats LIMIT 1) AND name='mister'), 1, 3, NULL);
INSERT INTO game_results(game_id, player_id, rank, points, duration_secs) VALUES(-2, (SELECT id FROM players WHERE chat_id=(SELECT chat_id FROM chats LIMIT 1) AND name='Nur'), 2, 1, NULL);
INSERT INTO games(id, chat_id, season_id, status, difficulty, mode, usdoku_code, reminded, deleted, created_by, created_at, completed_at) VALUES(-1, (SELECT chat_id FROM chats LIMIT 1), -3, 'completed', 'medium', NULL, NULL, 1, 0, NULL, '2026-01-05 07:06:00', '2026-01-05 07:06:00');
INSERT INTO game_results(game_id, player_id, rank, points, duration_secs) VALUES(-1, (SELECT id FROM players WHERE chat_id=(SELECT chat_id FROM chats LIMIT 1) AND name='mister'), 1, 3, NULL);
COMMIT;

-- ===== VERIFICATION (expected vs actual; diff column must be all-zero) =====
SELECT 'games total' k, (SELECT COUNT(*) FROM games WHERE id < 0) actual, 222 expected;
SELECT 's1 Joe Rude' k, COALESCE(SUM(gr.points),0)||'/'||SUM(gr.rank=1)||'/'||COUNT(*) actual, '69/22/63' expected FROM game_results gr JOIN games g ON g.id=gr.game_id WHERE g.season_id=-1 AND gr.player_id=(SELECT id FROM players WHERE chat_id=(SELECT chat_id FROM chats LIMIT 1) AND name='Joe Rude');
SELECT 's1 Nur' k, COALESCE(SUM(gr.points),0)||'/'||SUM(gr.rank=1)||'/'||COUNT(*) actual, '93/33/63' expected FROM game_results gr JOIN games g ON g.id=gr.game_id WHERE g.season_id=-1 AND gr.player_id=(SELECT id FROM players WHERE chat_id=(SELECT chat_id FROM chats LIMIT 1) AND name='Nur');
SELECT 's1 mister' k, COALESCE(SUM(gr.points),0)||'/'||SUM(gr.rank=1)||'/'||COUNT(*) actual, '70/29/63' expected FROM game_results gr JOIN games g ON g.id=gr.game_id WHERE g.season_id=-1 AND gr.player_id=(SELECT id FROM players WHERE chat_id=(SELECT chat_id FROM chats LIMIT 1) AND name='mister');
SELECT 's2 Joe Rude' k, COALESCE(SUM(gr.points),0)||'/'||SUM(gr.rank=1)||'/'||COUNT(*) actual, '70/16/60' expected FROM game_results gr JOIN games g ON g.id=gr.game_id WHERE g.season_id=-2 AND gr.player_id=(SELECT id FROM players WHERE chat_id=(SELECT chat_id FROM chats LIMIT 1) AND name='Joe Rude');
SELECT 's2 Nur' k, COALESCE(SUM(gr.points),0)||'/'||SUM(gr.rank=1)||'/'||COUNT(*) actual, '100/27/58' expected FROM game_results gr JOIN games g ON g.id=gr.game_id WHERE g.season_id=-2 AND gr.player_id=(SELECT id FROM players WHERE chat_id=(SELECT chat_id FROM chats LIMIT 1) AND name='Nur');
SELECT 's2 mister' k, COALESCE(SUM(gr.points),0)||'/'||SUM(gr.rank=1)||'/'||COUNT(*) actual, '80/22/57' expected FROM game_results gr JOIN games g ON g.id=gr.game_id WHERE g.season_id=-2 AND gr.player_id=(SELECT id FROM players WHERE chat_id=(SELECT chat_id FROM chats LIMIT 1) AND name='mister');
SELECT 's3 Joe Rude' k, COALESCE(SUM(gr.points),0)||'/'||SUM(gr.rank=1)||'/'||COUNT(*) actual, '81/23/56' expected FROM game_results gr JOIN games g ON g.id=gr.game_id WHERE g.season_id=-3 AND gr.player_id=(SELECT id FROM players WHERE chat_id=(SELECT chat_id FROM chats LIMIT 1) AND name='Joe Rude');
SELECT 's3 Nur' k, COALESCE(SUM(gr.points),0)||'/'||SUM(gr.rank=1)||'/'||COUNT(*) actual, '89/21/59' expected FROM game_results gr JOIN games g ON g.id=gr.game_id WHERE g.season_id=-3 AND gr.player_id=(SELECT id FROM players WHERE chat_id=(SELECT chat_id FROM chats LIMIT 1) AND name='Nur');
SELECT 's3 mister' k, COALESCE(SUM(gr.points),0)||'/'||SUM(gr.rank=1)||'/'||COUNT(*) actual, '101/29/56' expected FROM game_results gr JOIN games g ON g.id=gr.game_id WHERE g.season_id=-3 AND gr.player_id=(SELECT id FROM players WHERE chat_id=(SELECT chat_id FROM chats LIMIT 1) AND name='mister');
